"Freq [GHz]","dB(S(1,1)) []"
1.8,-1.83800003723766
1.803,-1.86882684109066
1.806,-1.90023422208177
1.809,-1.93223403991524
1.812,-1.96483840258964
1.815,-1.99805967130033
1.818,-2.03191046542322
1.821,-2.06640366758085
1.824,-2.1015524287922
1.827,-2.13737017370748
1.83,-2.1738706059291
1.833,-2.21106771342055
1.836,-2.24897577400438
1.839,-2.28760936095121
1.842,-2.32698334866108
1.845,-2.36711291843921
1.848,-2.40801356436785
1.851,-2.44970109927621
1.854,-2.49219166081055
1.857,-2.53550171760645
1.86,-2.57964807556566
1.863,-2.62464788423964
1.866,-2.67051864332243
1.869,-2.71727820925501
1.872,-2.76494480194403
1.875,-2.81353701159717
1.878,-2.86307380567802
1.881,-2.9135745359828
1.884,-2.96505894584178
1.887,-3.01754717744761
1.89,-3.07105977931323
1.893,-3.12561771386132
1.896,-3.18124236514738
1.899,-3.23795554671795
1.902,-3.29577950960541
1.905,-3.35473695045962
1.908,-3.41485101981679
1.911,-3.47614533050435
1.914,-3.53864396618027
1.917,-3.60237149000339
1.92,-3.66735295343042
1.923,-3.73361390513299
1.926,-3.80118040002645
1.929,-3.87007900839924
1.932,-3.94033682512898
1.935,-4.01198147896774
1.938,-4.08504114187522
1.941,-4.15954453837321
1.944,-4.23552095488998
1.947,-4.31300024905595
1.95,-4.39201285890535
1.953,-4.47258981192895
1.956,-4.55476273391393
1.959,-4.6385638574944
1.962,-4.72402603032313
1.965,-4.8111827227596
1.968,-4.90006803495121
1.971,-4.99071670316412
1.974,-5.08316410519647
1.977,-5.17744626467921
1.98,-5.27359985403835
1.983,-5.37166219585632
1.986,-5.47167126232831
1.989,-5.57366567246174
1.992,-5.67768468661188
1.995,-5.78376819788326
1.998,-5.89195671985408
2.001,-6.00229136999699
2.004,-6.11481384807365
2.007,-6.22956640867031
2.01,-6.3465918269146
2.013,-6.4659333562685
2.016,-6.58763467712471
2.019,-6.711739834742
2.022,-6.83829316483421
2.025,-6.96733920487459
2.028,-7.0989225888864
2.031,-7.23308792315786
2.034,-7.36987963993701
2.037,-7.50934182572535
2.04,-7.6515180202882
2.043,-7.79645098192796
2.046,-7.94418241391422
2.049,-8.09475264622142
2.052,-8.24820026588096
2.055,-8.40456168829787
2.058,-8.56387066080283
2.061,-8.72615768849636
2.064,-8.89144937108485
2.067,-9.05976763789947
2.07,-9.23112886662826
2.073,-9.40554286947848
2.076,-9.58301172853711
2.079,-9.76352846003493
2.082,-9.94707548509316
2.085,-10.1336228824089
2.088,-10.3231263963299
2.091,-10.5155251720317
2.094,-10.7107391882665
2.097,-10.9086663576991
2.1,-11.1091792655936
2.103,-11.3121215200919
2.106,-11.517303692233
2.109,-11.7244988320544
2.112,-11.9334375596914
2.115,-12.1438027486012
2.118,-12.3552238433794
2.121,-12.5672708887012
2.124,-12.7794483903107
2.127,-12.991189185106
2.13,-13.2018485660432
2.133,-13.4106989885926
2.136,-13.6169257768394
2.139,-13.8196243444832
2.142,-14.0177995408817
2.145,-14.210367812493
2.148,-14.3961629183521
2.151,-14.5739459328239
2.154,-14.7424201852372
2.157,-14.9002516001732
2.16,-15.0460945964655
2.163,-15.1786232732177
2.166,-15.2965670747136
2.169,-15.3987495279015
2.172,-15.4841280600752
2.175,-15.5518324267535
2.178,-15.6011990136622
2.181,-15.6317983087048
2.184,-15.6434532144676
2.187,-15.6362465723586
2.19,-15.6105172124319
2.193,-15.5668448912536
2.196,-15.5060254725771
2.199,-15.4290384937814
2.202,-15.337009742479
2.205,-15.2311716045265
2.208,-15.1128237638776
2.211,-14.9832964123599
2.214,-14.8439175642175
2.217,-14.6959854666592
2.22,-14.5407465357049
2.223,-14.3793787804875
2.226,-14.2129803342919
2.229,-14.0425624887582
2.232,-13.8690465145252
2.235,-13.693263524455
2.238,-13.5159566696129
2.241,-13.3377850304917
2.244,-13.1593286578355
2.247,-12.9810943149239
2.25,-12.803521566989
2.253,-12.626988947997
2.256,-12.4518200076462
2.259,-12.2782891014282
2.262,-12.1066268345291
2.265,-11.9370251074655
2.268,-11.7696417392455
2.271,-11.6046046641201
2.274,-11.4420157121739
2.277,-11.2819539934492
2.28,-11.1244789111243
2.283,-10.9696328324254
2.286,-10.8174434471781
2.289,-10.6679258437746
2.292,-10.5210843313061
2.295,-10.3769140349946
2.298,-10.2354022901238
2.301,-10.0965298575663
2.304,-9.96027198187417
2.307,-9.82659931080905
2.31,-9.69547869320562
2.313,-9.5668738702012
2.316,-9.44074607315923
2.319,-9.31705454005773
2.322,-9.19575696071145
2.325,-9.07680985993913
2.328,-8.96016892666798
2.331,-8.84578929597395
2.334,-8.73362579017915
2.337,-8.62363312435482
2.34,-8.51576608089866
2.343,-8.4099796572604
2.346,-8.30622919036675
2.349,-8.20447046084195
2.352,-8.10465977972065
2.355,-8.00675406000291
2.358,-7.91071087509708
2.361,-7.81648850593234
2.364,-7.72404597829165
2.367,-7.63334309171553
2.37,-7.54434044115142
2.373,-7.45699943237154
2.376,-7.3712822920487
2.379,-7.28715207326434
2.382,-7.20457265712179
2.385,-7.12350875105013
2.388,-7.04392588430723
2.391,-6.9657904011241
2.394,-6.88906945187416
2.397,-6.81373098260045
2.4,-6.73974372318961
2.403,-6.66707717444274
2.406,-6.59570159425974
2.409,-6.52558798312417
2.412,-6.45670806905044
2.415,-6.38903429213221
2.418,-6.32253978881221
2.421,-6.25719837597569
2.424,-6.19298453495605
2.427,-6.12987339552721
2.43,-6.06784071994677
2.433,-6.00686288710389
2.436,-5.94691687681726
2.439,-5.88798025432127
2.442,-5.83003115497192
2.445,-5.77304826919832
2.448,-5.71701082772105
2.451,-5.66189858705397
2.454,-5.60769181530296
2.457,-5.55437127827131
2.46,-5.50191822587939
2.463,-5.45031437890326
2.466,-5.3995419160354
2.469,-5.34958346126852
2.472,-5.30042207160257
2.475,-5.25204122507294
2.478,-5.20442480909775
2.481,-5.15755710914046
2.484,-5.11142279768376
2.487,-5.06600692350983
2.49,-5.02129490128168
2.493,-4.97727250141993
2.496,-4.93392584026879
2.499,-4.89124137054509
2.502,-4.84920587206389
2.505,-4.80780644273391
2.508,-4.76703048981623
2.511,-4.72686572143938
2.514,-4.68730013836417
2.517,-4.64832202599151
2.52,-4.60991994660633
2.523,-4.57208273185133
2.526,-4.53479947542365
2.529,-4.49805952598826
2.532,-4.46185248030155
2.535,-4.42616817653903
2.538,-4.39099668782098
2.541,-4.35632831593007
2.544,-4.32215358521516
2.547,-4.28846323667561
2.55,-4.25524822222047
2.553,-4.22249969909726
2.556,-4.19020902448506
2.559,-4.15836775024671
2.562,-4.12696761783534
2.565,-4.0960005533502
2.568,-4.06545866273733
2.571,-4.03533422713032
2.574,-4.00561969832699
2.577,-3.97630769439747
2.58,-3.94739099541978
2.583,-3.91886253933879
2.586,-3.89071541794468
2.589,-3.8629428729672
2.592,-3.83553829228206
2.595,-3.80849520622589
2.598,-3.78180728401657
2.601,-3.7554683302753
2.604,-3.72947228164754
2.607,-3.70381320351958
2.61,-3.67848528682783
2.613,-3.65348284495782
2.616,-3.62880031073031
2.619,-3.6044322334717
2.622,-3.58037327616611
2.625,-3.55661821268673
2.628,-3.53316192510383
2.631,-3.50999940106729
2.634,-3.48712573126115
2.637,-3.46453610692812
2.64,-3.4422258174619
2.643,-3.42019024806518
2.646,-3.39842487747141
2.649,-3.37692527572833
2.652,-3.35568710204153
2.655,-3.33470610267602
2.658,-3.31397810891436
2.661,-3.29349903506929
2.664,-3.27326487654966
2.667,-3.25327170797769
2.67,-3.23351568135624
2.673,-3.21399302428466
2.676,-3.19470003822155
2.679,-3.17563309679334
2.682,-3.15678864414712
2.685,-3.13816319334656
2.688,-3.11975332480956
2.691,-3.1015556847866
2.694,-3.0835669838783
2.697,-3.0657839955914
2.7,-3.04820355493187
2.703,-3.03082255703404
2.706,-3.01363795582483
2.709,-2.99664676272209
2.712,-2.97984604536596
2.715,-2.9632329263824
2.718,-2.94680458217799
2.721,-2.93055824176503
2.724,-2.91449118561621
2.727,-2.89860074454795
2.73,-2.88288429863157
2.733,-2.86733927613163
2.736,-2.85196315247057
2.739,-2.83675344921897
2.742,-2.82170773311081
2.745,-2.80682361508279
2.748,-2.79209874933738
2.751,-2.77753083242869
2.754,-2.76311760237069
2.757,-2.74885683776703
2.76,-2.73474635696207
2.763,-2.72078401721237
2.766,-2.70696771387815
2.769,-2.69329537963422
2.772,-2.67976498369981
2.775,-2.66637453108684
2.778,-2.65312206186603
2.781,-2.64000565045057
2.784,-2.6270234048967
2.787,-2.61417346622082
2.79,-2.60145400773275
2.793,-2.58886323438463
2.796,-2.57639938213509
2.799,-2.56406071732832
2.802,-2.55184553608753
2.805,-2.53975216372269
2.808,-2.52777895415182
2.811,-2.51592428933577
2.814,-2.50418657872607
2.817,-2.49256425872537
2.82,-2.4810557921604
2.823,-2.46965966776691
2.826,-2.45837439968636
2.829,-2.44719852697417
2.832,-2.43613061311903
2.835,-2.42516924557317
2.838,-2.41431303529321
2.841,-2.40356061629141
2.844,-2.39291064519692
2.847,-2.382361800827
2.85,-2.3719127837677
2.853,-2.36156231596398
2.856,-2.35130914031896
2.859,-2.34115202030201
2.862,-2.33108973956559
2.865,-2.3211211015705
2.868,-2.31124492921942
2.871,-2.30146006449854
2.874,-2.29176536812697
2.877,-2.28215971921391
2.88,-2.27264201492326
2.883,-2.26321117014551
2.886,-2.25386611717686
2.889,-2.24460580540516
2.892,-2.23542920100277
2.895,-2.22633528662595
2.898,-2.21732306112076
2.901,-2.20839153923533
2.904,-2.19953975133817
2.907,-2.1907667431426
2.91,-2.18207157543706
2.913,-2.17345332382107
2.916,-2.16491107844689
2.919,-2.1564439437666
2.922,-2.14805103828455
2.925,-2.13973149431497
2.928,-2.13148445774478
2.931,-2.12330908780127
2.934,-2.11520455682469
2.937,-2.10717005004563
2.94,-2.09920476536692
2.943,-2.09130791315024
2.946,-2.08347871600694
2.949,-2.07571640859337
2.952,-2.06802023741033
2.955,-2.06038946060669
2.958,-2.052823347787
2.961,-2.04532117982312
2.964,-2.03788224866959
2.967,-2.03050585718287
2.97,-2.02319131894416
2.973,-2.01593795808586
2.976,-2.00874510912156
2.979,-2.00161211677942
2.982,-1.99453833583886
2.985,-1.98752313097067
2.988,-1.98056587658012
2.991,-1.97366595665336
2.994,-1.96682276460682
2.997,-1.96003570313953
3,-1.95330418408845
