"dL []","Freq [GHz]","dB(S(1,1)) []"
0.0567,1.8,-0.789248776348671
0.0567,1.803,-0.800146493883545
0.0567,1.806,-0.811211648477526
0.0567,1.809,-0.822447106631338
0.0567,1.812,-0.83385578835908
0.0567,1.815,-0.845440668228694
0.0567,1.818,-0.857204776422014
0.0567,1.821,-0.869151199814706
0.0567,1.824,-0.881283083076385
0.0567,1.827,-0.893603629791238
0.0567,1.83,-0.906116103599442
0.0567,1.833,-0.918823829359711
0.0567,1.836,-0.931730194333243
0.0567,1.839,-0.944838649389423
0.0567,1.842,-0.958152710233583
0.0567,1.845,-0.971675958657073
0.0567,1.848,-0.985412043810079
0.0567,1.851,-0.999364683497361
0.0567,1.854,-1.01353766549733
0.0567,1.857,-1.02793484890475
0.0567,1.86,-1.04256016549729
0.0567,1.863,-1.05741762112644
0.0567,1.866,-1.07251129713285
0.0567,1.869,-1.08784535178663
0.0567,1.872,-1.10342402175274
0.0567,1.875,-1.11925162358197
0.0567,1.878,-1.13533255522755
0.0567,1.881,-1.15167129758804
0.0567,1.884,-1.16827241607646
0.0567,1.887,-1.18514056221621
0.0567,1.89,-1.20228047526399
0.0567,1.893,-1.21969698385999
0.0567,1.896,-1.23739500770572
0.0567,1.899,-1.25537955926965
0.0567,1.902,-1.27365574552122
0.0567,1.905,-1.29222876969308
0.0567,1.908,-1.31110393307233
0.0567,1.911,-1.33028663682067
0.0567,1.914,-1.34978238382395
0.0567,1.917,-1.36959678057129
0.0567,1.92,-1.38973553906418
0.0567,1.923,-1.41020447875567
0.0567,1.926,-1.43100952852006
0.0567,1.929,-1.45215672865333
0.0567,1.932,-1.47365223290452
0.0567,1.935,-1.4955023105384
0.0567,1.938,-1.51771334842974
0.0567,1.941,-1.54029185318928
0.0567,1.944,-1.56324445332189
0.0567,1.947,-1.58657790141701
0.0567,1.95,-1.61029907637177
0.0567,1.953,-1.63441498564694
0.0567,1.956,-1.65893276755616
0.0567,1.959,-1.68385969358847
0.0567,1.962,-1.70920317076478
0.0567,1.965,-1.73497074402815
0.0567,1.968,-1.76117009866855
0.0567,1.971,-1.78780906278219
0.0567,1.974,-1.81489560976571
0.0567,1.977,-1.84243786084575
0.0567,1.98,-1.87044408764397
0.0567,1.983,-1.89892271477807
0.0567,1.986,-1.92788232249903
0.0567,1.989,-1.95733164936498
0.0567,1.992,-1.98727959495219
0.0567,1.995,-2.01773522260332
0.0567,1.998,-2.04870776221369
0.0567,2.001,-2.0802066130557
0.0567,2.004,-2.11224134664206
0.0567,2.007,-2.14482170962833
0.0567,2.01,-2.1779576267551
0.0567,2.013,-2.21165920383057
0.0567,2.016,-2.245936730754
0.0567,2.019,-2.28080068458058
0.0567,2.022,-2.31626173262851
0.0567,2.025,-2.35233073562882
0.0567,2.028,-2.3890187509187
0.0567,2.031,-2.42633703567906
0.0567,2.034,-2.46429705021709
0.0567,2.037,-2.50291046129459
0.0567,2.04,-2.54218914550305
0.0567,2.043,-2.58214519268611
0.0567,2.046,-2.62279090941056
0.0567,2.049,-2.66413882248651
0.0567,2.052,-2.70620168253807
0.0567,2.055,-2.74899246762505
0.0567,2.058,-2.79252438691697
0.0567,2.061,-2.83681088442027
0.0567,2.064,-2.8818656427596
0.0567,2.067,-2.92770258701423
0.0567,2.07,-2.97433588861036
0.0567,2.073,-3.02177996927035
0.0567,2.076,-3.07004950501942
0.0567,2.079,-3.11915943025064
0.0567,2.082,-3.16912494184873
0.0567,2.085,-3.21996150337285
0.0567,2.088,-3.27168484929893
0.0567,2.091,-3.32431098932097
0.0567,2.094,-3.37785621271139
0.0567,2.097,-3.43233709273933
0.0567,2.1,-3.48777049114597
0.0567,2.103,-3.54417356267513
0.0567,2.106,-3.6015637596568
0.0567,2.109,-3.65995883664081
0.0567,2.112,-3.71937685507673
0.0567,2.115,-3.77983618803543
0.0567,2.118,-3.84135552496647
0.0567,2.121,-3.90395387648417
0.0567,2.124,-3.96765057917411
0.0567,2.127,-4.03246530040975
0.0567,2.13,-4.09841804316716
0.0567,2.133,-4.16552915082368
0.0567,2.136,-4.23381931192376
0.0567,2.139,-4.30330956489246
0.0567,2.142,-4.37402130267372
0.0567,2.145,-4.44597627726701
0.0567,2.148,-4.51919660413161
0.0567,2.151,-4.59370476642302
0.0567,2.154,-4.66952361902062
0.0567,2.157,-4.74667639229948
0.0567,2.16,-4.82518669559233
0.0567,2.163,-4.90507852027966
0.0567,2.166,-4.98637624243701
0.0567,2.169,-5.06910462495829
0.0567,2.172,-5.15328881906267
0.0567,2.175,-5.23895436507915
0.0567,2.178,-5.32612719238866
0.0567,2.181,-5.41483361838642
0.0567,2.184,-5.50510034630886
0.0567,2.187,-5.59695446174758
0.0567,2.19,-5.69042342764928
0.0567,2.193,-5.78553507757282
0.0567,2.196,-5.88231760694405
0.0567,2.199,-5.98079956201396
0.0567,2.202,-6.08100982618675
0.0567,2.205,-6.1829776033392
0.0567,2.208,-6.2867323977031
0.0567,2.211,-6.39230398982507
0.0567,2.214,-6.49972240805427
0.0567,2.217,-6.60901789493546
0.0567,2.22,-6.72022086780325
0.0567,2.223,-6.83336187278035
0.0567,2.226,-6.94847153127841
0.0567,2.229,-7.06558047798166
0.0567,2.232,-7.18471928916048
0.0567,2.235,-7.30591840001215
0.0567,2.238,-7.4292080095564
0.0567,2.241,-7.55461797142328
0.0567,2.244,-7.68217766865663
0.0567,2.247,-7.81191587041584
0.0567,2.25,-7.94386056818883
0.0567,2.253,-8.07803878882737
0.0567,2.256,-8.21447638137793
0.0567,2.259,-8.35319777430599
0.0567,2.262,-8.49422569929326
0.0567,2.265,-8.63758087732559
0.0567,2.268,-8.78328166227889
0.0567,2.271,-8.93134363665258
0.0567,2.274,-9.08177915349076
0.0567,2.277,-9.23459681787427
0.0567,2.28,-9.38980090066321
0.0567,2.283,-9.54739067642622
0.0567,2.286,-9.70735967672128
0.0567,2.289,-9.86969484910792
0.0567,2.292,-10.0343756114976
0.0567,2.295,-10.201372790722
0.0567,2.298,-10.3706474335634
0.0567,2.301,-10.5421494780132
0.0567,2.304,-10.7158162722843
0.0567,2.307,-10.891570929212
0.0567,2.31,-11.0693205042763
0.0567,2.313,-11.2489539867399
0.0567,2.316,-11.4303400955426
0.0567,2.319,-11.6133248748885
0.0567,2.322,-11.797729089232
0.0567,2.325,-11.9833454239732
0.0567,2.328,-12.1699355070475
0.0567,2.331,-12.3572267781843
0.0567,2.334,-12.5449092473822
0.0567,2.337,-12.732632202549
0.0567,2.34,-12.9200009486171
0.0567,2.343,-13.1065736869141
0.0567,2.346,-13.2918586740012
0.0567,2.349,-13.4753118329155
0.0567,2.352,-13.6563350254826
0.0567,2.355,-13.834275229887
0.0567,2.358,-14.0084248997437
0.0567,2.361,-14.1780238050088
0.0567,2.364,-14.3422626655004
0.0567,2.367,-14.5002888778586
0.0567,2.37,-14.651214599256
0.0567,2.373,-14.7941273793418
0.0567,2.376,-14.9281034207971
0.0567,2.379,-15.0522233970275
0.0567,2.382,-15.1655905667367
0.0567,2.385,-15.2673507100426
0.0567,2.388,-15.3567131875721
0.0567,2.391,-15.4329722176284
0.0567,2.394,-15.4955273064508
0.0567,2.397,-15.5439016822595
0.0567,2.4,-15.5777575991336
0.0567,2.403,-15.5969075044359
0.0567,2.406,-15.6013203003607
0.0567,2.409,-15.5911222557927
0.0567,2.412,-15.5665925033621
0.0567,2.415,-15.5281534431686
0.0567,2.418,-15.4763567225189
0.0567,2.421,-15.4118657305411
0.0567,2.424,-15.3354357117743
0.0567,2.427,-15.2478926548912
0.0567,2.43,-15.150112059368
0.0567,2.433,-15.0429985449469
0.0567,2.436,-14.9274670744266
0.0567,2.439,-14.8044263396513
0.0567,2.442,-14.6747646403896
0.0567,2.445,-14.5393383867059
0.0567,2.448,-14.3989631905407
0.0567,2.451,-14.254407387486
0.0567,2.454,-14.1063877452433
0.0567,2.457,-13.9555670670057
0.0567,2.46,-13.8025533796796
0.0567,2.463,-13.6479004012902
0.0567,2.466,-13.4921090021566
0.0567,2.469,-13.335629404381
0.0567,2.472,-13.1788638989923
0.0567,2.475,-13.0221698960305
0.0567,2.478,-12.8658631574439
0.0567,2.481,-12.7102210942943
0.0567,2.484,-12.5554860375959
0.0567,2.487,-12.4018684158406
0.0567,2.49,-12.2495497919512
0.0567,2.493,-12.098685728339
0.0567,2.496,-11.9494084613452
0.0567,2.499,-11.8018293760681
0.0567,2.502,-11.6560412798947
0.0567,2.505,-11.5121204783882
0.0567,2.508,-11.3701286609372
0.0567,2.511,-11.2301146060649
0.0567,2.514,-11.0921157178296
0.0567,2.517,-10.9561594055472
0.0567,2.52,-10.8222643193157
0.0567,2.523,-10.6904414536934
0.0567,2.526,-10.5606951314657
0.0567,2.529,-10.4330238788496
0.0567,2.532,-10.3074212027822
0.0567,2.535,-10.1838762801758
0.0567,2.538,-10.0623745682419
0.0567,2.541,-9.9428983442057
0.0567,2.544,-9.82542718198155
0.0567,2.547,-9.70993837266039
0.0567,2.55,-9.59640729498929
0.0567,2.553,-9.48480774139737
0.0567,2.556,-9.37511220454793
0.0567,2.559,-9.267292128871
0.0567,2.562,-9.16131813105321
0.0567,2.565,-9.05716019302944
0.0567,2.568,-8.95478783063206
0.0567,2.571,-8.85417024070301
0.0567,2.574,-8.75527642916197
0.0567,2.577,-8.65807532224251
0.0567,2.58,-8.56253586285946
0.0567,2.583,-8.46862709384757
0.0567,2.586,-8.37631822961382
0.0567,2.589,-8.28557871756973
0.0567,2.592,-8.19637829055413
0.0567,2.595,-8.10868701131748
0.0567,2.598,-8.02247531001709
0.0567,2.601,-7.93771401556249
0.0567,2.604,-7.85437438155448
0.0567,2.607,-7.77242810747553
0.0567,2.61,-7.69184735571349
0.0567,2.613,-7.61260476493364
0.0567,2.616,-7.53467346025458
0.0567,2.619,-7.45802706063089
0.0567,2.622,-7.38263968379911
0.0567,2.625,-7.30848594910205
0.0567,2.628,-7.23554097847018
0.0567,2.631,-7.16378039580637
0.0567,2.634,-7.09318032499161
0.0567,2.637,-7.02371738670409
0.0567,2.64,-6.95536869422129
0.0567,2.643,-6.88811184835507
0.0567,2.646,-6.82192493165194
0.0567,2.649,-6.756786501975
0.0567,2.652,-6.6926755855704
0.0567,2.655,-6.62957166970863
0.0567,2.658,-6.56745469498011
0.0567,2.661,-6.50630504731509
0.0567,2.664,-6.44610354978898
0.0567,2.667,-6.38683145426692
0.0567,2.67,-6.32847043293457
0.0567,2.673,-6.27100256975597
0.0567,2.676,-6.21441035189454
0.0567,2.679,-6.15867666112784
0.0567,2.682,-6.10378476528337
0.0567,2.685,-6.04971830971837
0.0567,2.688,-5.9964613088638
0.0567,2.691,-5.94399813784952
0.0567,2.694,-5.89231352422514
0.0567,2.697,-5.84139253978908
0.0567,2.7,-5.79122059253596
0.0567,2.703,-5.74178341873108
0.0567,2.706,-5.69306707511882
0.0567,2.709,-5.64505793127089
0.0567,2.712,-5.59774266207871
0.0567,2.715,-5.5511082403934
0.0567,2.718,-5.50514192981607
0.0567,2.721,-5.45983127763971
0.0567,2.724,-5.41516410794419
0.0567,2.727,-5.37112851484436
0.0567,2.73,-5.32771285589129
0.0567,2.733,-5.28490574562603
0.0567,2.736,-5.24269604928476
0.0567,2.739,-5.20107287665425
0.0567,2.742,-5.16002557607564
0.0567,2.745,-5.11954372859499
0.0567,2.748,-5.07961714225822
0.0567,2.751,-5.04023584654836
0.0567,2.754,-5.00139008696266
0.0567,2.757,-4.96307031972691
0.0567,2.76,-4.9252672066445
0.0567,2.763,-4.88797161007739
0.0567,2.766,-4.85117458805638
0.0567,2.769,-4.81486738951767
0.0567,2.772,-4.77904144966316
0.0567,2.775,-4.7436883854414
0.0567,2.778,-4.70879999114661
0.0567,2.781,-4.67436823413269
0.0567,2.784,-4.64038525063964
0.0567,2.787,-4.60684334172947
0.0567,2.79,-4.57373496932889
0.0567,2.793,-4.54105275237606
0.0567,2.796,-4.50878946306874
0.0567,2.799,-4.47693802321109
0.0567,2.802,-4.4454915006567
0.0567,2.805,-4.41444310584519
0.0567,2.808,-4.38378618842985
0.0567,2.811,-4.35351423399396
0.0567,2.814,-4.32362086085338
0.0567,2.817,-4.294099816943
0.0567,2.82,-4.2649449767848
0.0567,2.823,-4.23615033853534
0.0567,2.826,-4.20771002111037
0.0567,2.829,-4.17961826138456
0.0567,2.832,-4.15186941146422
0.0567,2.835,-4.12445793603091
0.0567,2.838,-4.09737840975414
0.0567,2.841,-4.0706255147711
0.0567,2.844,-4.04419403823159
0.0567,2.847,-4.01807886990637
0.0567,2.85,-3.99227499985707
0.0567,2.853,-3.96677751616611
0.0567,2.856,-3.94158160272476
0.0567,2.859,-3.91668253707784
0.0567,2.862,-3.89207568832342
0.0567,2.865,-3.86775651506606
0.0567,2.868,-3.84372056342203
0.0567,2.871,-3.81996346507505
0.0567,2.874,-3.79648093538116
0.0567,2.877,-3.77326877152145
0.0567,2.88,-3.75032285070119
0.0567,2.883,-3.72763912839402
0.0567,2.886,-3.70521363663023
0.0567,2.889,-3.68304248232757
0.0567,2.892,-3.66112184566362
0.0567,2.895,-3.63944797848854
0.0567,2.898,-3.61801720277705
0.0567,2.901,-3.59682590911852
0.0567,2.904,-3.57587055524425
0.0567,2.907,-3.55514766459085
0.0567,2.91,-3.5346538248986
0.0567,2.913,-3.51438568684412
0.0567,2.916,-3.49433996270616
0.0567,2.919,-3.47451342506364
0.0567,2.922,-3.45490290552527
0.0567,2.925,-3.43550529348959
0.0567,2.928,-3.41631753493485
0.0567,2.931,-3.39733663123775
0.0567,2.934,-3.37855963802042
0.0567,2.937,-3.35998366402473
0.0567,2.94,-3.34160587001324
0.0567,2.943,-3.32342346769619
0.0567,2.946,-3.30543371868363
0.0567,2.949,-3.28763393346217
0.0567,2.952,-3.27002147039564
0.0567,2.955,-3.252593734749
0.0567,2.958,-3.23534817773497
0.0567,2.961,-3.21828229558261
0.0567,2.964,-3.20139362862749
0.0567,2.967,-3.18467976042265
0.0567,2.97,-3.16813831687002
0.0567,2.973,-3.15176696537154
0.0567,2.976,-3.13556341399964
0.0567,2.979,-3.11952541068655
0.0567,2.982,-3.10365074243177
0.0567,2.985,-3.08793723452749
0.0567,2.988,-3.07238274980128
0.0567,2.991,-3.05698518787576
0.0567,2.994,-3.04174248444456
0.0567,2.997,-3.02665261056458
0.0567,3,-3.0117135719636
0.056825,1.8,-0.801895016197407
0.056825,1.803,-0.813006653958966
0.056825,1.806,-0.824289686848576
0.056825,1.809,-0.835747061117565
0.056825,1.812,-0.847381778186264
0.056825,1.815,-0.859196895717864
0.056825,1.818,-0.871195528712408
0.056825,1.821,-0.883380850621247
0.056825,1.824,-0.895756094482272
0.056825,1.827,-0.908324554076228
0.056825,1.83,-0.921089585104408
0.056825,1.833,-0.934054606388063
0.056825,1.836,-0.947223101089827
0.056825,1.839,-0.960598617957492
0.056825,1.842,-0.974184772590396
0.056825,1.845,-0.987985248728821
0.056825,1.848,-1.00200379956662
0.056825,1.851,-1.01624424908749
0.056825,1.854,-1.03071049342508
0.056825,1.857,-1.04540650224741
0.056825,1.86,-1.06033632016577
0.056825,1.863,-1.07550406816841
0.056825,1.866,-1.09091394507957
0.056825,1.869,-1.10657022904373
0.056825,1.872,-1.12247727903584
0.056825,1.875,-1.13863953639755
0.056825,1.878,-1.15506152639982
0.056825,1.881,-1.17174785983224
0.056825,1.884,-1.18870323461932
0.056825,1.887,-1.20593243746413
0.056825,1.89,-1.22344034551946
0.056825,1.893,-1.24123192808689
0.056825,1.896,-1.25931224834405
0.056825,1.899,-1.27768646510031
0.056825,1.902,-1.29635983458125
0.056825,1.905,-1.31533771224214
0.056825,1.908,-1.33462555461072
0.056825,1.911,-1.35422892115965
0.056825,1.914,-1.3741534762087
0.056825,1.917,-1.39440499085719
0.056825,1.92,-1.41498934494677
0.056825,1.923,-1.4359125290549
0.056825,1.926,-1.45718064651929
0.056825,1.929,-1.47879991549349
0.056825,1.932,-1.50077667103399
0.056825,1.935,-1.52311736721904
0.056825,1.938,-1.54582857929939
0.056825,1.941,-1.56891700588138
0.056825,1.944,-1.59238947114243
0.056825,1.947,-1.61625292707931
0.056825,1.95,-1.64051445578944
0.056825,1.953,-1.66518127178545
0.056825,1.956,-1.69026072434326
0.056825,1.959,-1.71576029988398
0.056825,1.962,-1.74168762438985
0.056825,1.965,-1.76805046585454
0.056825,1.968,-1.79485673676807
0.056825,1.971,-1.82211449663661
0.056825,1.974,-1.84983195453747
0.056825,1.977,-1.87801747170966
0.056825,1.98,-1.90667956418018
0.056825,1.983,-1.9358269054265
0.056825,1.986,-1.96546832907546
0.056825,1.989,-1.99561283163909
0.056825,1.992,-2.02626957528753
0.056825,1.995,-2.05744789065963
0.056825,1.998,-2.08915727971142
0.056825,2.001,-2.12140741860314
0.056825,2.004,-2.154208160625
0.056825,2.007,-2.18756953916236
0.056825,2.01,-2.22150177070072
0.056825,2.013,-2.25601525787104
0.056825,2.016,-2.29112059253599
0.056825,2.019,-2.3268285589177
0.056825,2.022,-2.36315013676754
0.056825,2.025,-2.40009650457864
0.056825,2.028,-2.43767904284185
0.056825,2.031,-2.47590933734574
0.056825,2.034,-2.51479918252136
0.056825,2.037,-2.55436058483261
0.056825,2.04,-2.59460576621292
0.056825,2.043,-2.63554716754899
0.056825,2.046,-2.67719745221247
0.056825,2.049,-2.71956950964039
0.056825,2.052,-2.76267645896508
0.056825,2.055,-2.80653165269451
0.056825,2.058,-2.85114868044377
0.056825,2.061,-2.89654137271844
0.056825,2.064,-2.94272380475072
0.056825,2.067,-2.98971030038878
0.056825,2.07,-3.03751543604018
0.056825,2.073,-3.08615404466952
0.056825,2.076,-3.13564121985105
0.056825,2.079,-3.18599231987612
0.056825,2.082,-3.23722297191562
0.056825,2.085,-3.28934907623711
0.056825,2.088,-3.34238681047616
0.056825,2.091,-3.3963526339608
0.056825,2.094,-3.45126329208811
0.056825,2.097,-3.5071358207507
0.056825,2.1,-3.56398755081113
0.056825,2.103,-3.62183611262086
0.056825,2.106,-3.68069944058014
0.056825,2.109,-3.74059577773386
0.056825,2.112,-3.80154368039772
0.056825,2.115,-3.86356202280767
0.056825,2.118,-3.92667000178401
0.056825,2.121,-3.99088714140043
0.056825,2.124,-4.05623329764573
0.056825,2.127,-4.12272866306463
0.056825,2.13,-4.19039377136092
0.056825,2.133,-4.25924950194399
0.056825,2.136,-4.32931708439638
0.056825,2.139,-4.40061810283665
0.056825,2.142,-4.47317450014726
0.056825,2.145,-4.54700858203347
0.056825,2.148,-4.62214302087297
0.056825,2.151,-4.69860085931097
0.056825,2.154,-4.77640551354802
0.056825,2.157,-4.85558077626055
0.056825,2.16,-4.93615081908552
0.056825,2.163,-5.01814019459058
0.056825,2.166,-5.10157383764012
0.056825,2.169,-5.18647706605526
0.056825,2.172,-5.27287558045123
0.056825,2.175,-5.36079546312024
0.056825,2.178,-5.45026317580895
0.056825,2.181,-5.54130555621998
0.056825,2.184,-5.63394981304329
0.056825,2.187,-5.72822351929715
0.056825,2.19,-5.82415460372912
0.056825,2.193,-5.92177133999361
0.056825,2.196,-6.02110233328542
0.056825,2.199,-6.12217650406535
0.056825,2.202,-6.22502306846661
0.056825,2.205,-6.32967151491555
0.056825,2.208,-6.43615157643933
0.056825,2.211,-6.54449319806354
0.056825,2.214,-6.65472649862464
0.056825,2.217,-6.76688172623332
0.056825,2.22,-6.88098920652531
0.056825,2.223,-6.99707928272364
0.056825,2.226,-7.11518224640939
0.056825,2.229,-7.23532825775475
0.056825,2.232,-7.3575472538113
0.056825,2.235,-7.4818688432652
0.056825,2.238,-7.60832218586714
0.056825,2.241,-7.73693585451606
0.056825,2.244,-7.86773767771938
0.056825,2.247,-8.00075455986515
0.056825,2.25,-8.13601227642134
0.056825,2.253,-8.2735352408196
0.056825,2.256,-8.41334623938454
0.056825,2.259,-8.55546613022985
0.056825,2.262,-8.6999135015584
0.056825,2.265,-8.84670428427219
0.056825,2.268,-8.99585131321873
0.056825,2.271,-9.14736383077474
0.056825,2.274,-9.30124692579636
0.056825,2.277,-9.45750090025531
0.056825,2.28,-9.61612055514003
0.056825,2.283,-9.77709438644511
0.056825,2.286,-9.94040368132361
0.056825,2.289,-10.1060215037635
0.056825,2.292,-10.2739115585165
0.056825,2.295,-10.4440269215107
0.056825,2.298,-10.616308624691
0.056825,2.301,-10.7906840832596
0.056825,2.304,-10.967065353749
0.056825,2.307,-11.1453472124226
0.056825,2.31,-11.3254050453567
0.056825,2.313,-11.5070925444602
0.056825,2.316,-11.6902392079247
0.056825,2.319,-11.8746476495174
0.056825,2.322,-12.0600907291149
0.056825,2.325,-12.2463085273686
0.056825,2.328,-12.4330052008256
0.056825,2.331,-12.619845770643
0.056825,2.334,-12.8064529185784
0.056825,2.337,-12.9924038884167
0.056825,2.34,-13.1772276193433
0.056825,2.343,-13.3604022695138
0.056825,2.346,-13.5413533221514
0.056825,2.349,-13.7194525010716
0.056825,2.352,-13.8940177547803
0.056825,2.355,-14.0643145942644
0.056825,2.358,-14.2295590841759
0.056825,2.361,-14.3889227841316
0.056825,2.364,-14.5415399095045
0.056825,2.367,-14.6865169226674
0.056825,2.37,-14.8229446707558
0.056825,2.373,-14.9499130519866
0.056825,2.376,-15.0665280212747
0.056825,2.379,-15.1719305452507
0.056825,2.382,-15.2653169017976
0.056825,2.385,-15.3459595117982
0.056825,2.388,-15.4132273179619
0.056825,2.391,-15.4666046160948
0.056825,2.394,-15.5057072233137
0.056825,2.397,-15.530294951931
0.056825,2.4,-15.5402795497318
0.056825,2.403,-15.5357275535132
0.056825,2.406,-15.5168578537739
0.056825,2.409,-15.4840341436976
0.056825,2.412,-15.4377527800505
0.056825,2.415,-15.3786268760474
0.056825,2.418,-15.307367646282
0.056825,2.421,-15.2247641165506
0.056825,2.424,-15.1316622982844
0.056825,2.427,-15.0289448238821
0.056825,2.43,-14.9175118703251
0.056825,2.433,-14.79826399271
0.056825,2.436,-14.6720872740649
0.056825,2.439,-14.5398409954319
0.056825,2.442,-14.4023478562378
0.056825,2.445,-14.2603866379116
0.056825,2.448,-14.1146871058033
0.056825,2.451,-13.9659268833761
0.056825,2.454,-13.8147300031036
0.056825,2.457,-13.66166683388
0.056825,2.46,-13.5072550981914
0.056825,2.463,-13.3519617175887
0.056825,2.466,-13.1962052569095
0.056825,2.469,-13.0403587722075
0.056825,2.472,-12.8847529015371
0.056825,2.475,-12.729679069718
0.056825,2.478,-12.5753927068373
0.056825,2.481,-12.4221164050369
0.056825,2.484,-12.2700429589794
0.056825,2.487,-12.1193382524794
0.056825,2.49,-11.9701439674708
0.056825,2.493,-11.8225801021875
0.056825,2.496,-11.6767472935972
0.056825,2.499,-11.5327289452005
0.056825,2.502,-11.3905931656569
0.056825,2.505,-11.2503945266985
0.056825,2.508,-11.1121756507246
0.056825,2.511,-10.9759686395827
0.056825,2.514,-10.8417963565492
0.056825,2.517,-10.7096735735773
0.056825,2.52,-10.5796079956118
0.056825,2.523,-10.4516011732934
0.056825,2.526,-10.3256493147438
0.056825,2.529,-10.2017440064205
0.056825,2.532,-10.0798728522802
0.056825,2.535,-9.96002003973546
0.056825,2.538,-9.84216684014705
0.056825,2.541,-9.72629205088317
0.056825,2.544,-9.61237238530061
0.056825,2.547,-9.50038281637599
0.056825,2.55,-9.39029687913096
0.056825,2.553,-9.28208693646166
0.056825,2.556,-9.17572441249461
0.056825,2.559,-9.071179997149
0.056825,2.562,-8.96842382518558
0.056825,2.565,-8.86742563266191
0.056825,2.568,-8.76815489339137
0.056825,2.571,-8.67058093771294
0.056825,2.574,-8.57467305562136
0.056825,2.577,-8.48040058607544
0.056825,2.58,-8.38773299409762
0.056825,2.583,-8.29663993709456
0.056825,2.586,-8.20709132166639
0.056825,2.589,-8.11905735202742
0.056825,2.592,-8.03250857103357
0.056825,2.595,-7.94741589469757
0.056825,2.598,-7.86375064097254
0.056825,2.601,-7.78148455349524
0.056825,2.604,-7.70058982090066
0.056825,2.607,-7.62103909225006
0.056825,2.61,-7.5428054890519
0.056825,2.613,-7.46586261430031
0.056825,2.616,-7.39018455890681
0.056825,2.619,-7.31574590585769
0.056825,2.622,-7.24252173239138
0.056825,2.625,-7.170487610456
0.056825,2.628,-7.09961960567707
0.056825,2.631,-7.02989427503917
0.056825,2.634,-6.96128866346105
0.056825,2.637,-6.89378029942325
0.056825,2.64,-6.82734718978858
0.056825,2.643,-6.76196781393914
0.056825,2.646,-6.69762111733917
0.056825,2.649,-6.63428650462002
0.056825,2.652,-6.57194383227199
0.056825,2.655,-6.51057340101767
0.056825,2.658,-6.45015594793215
0.056825,2.661,-6.39067263836794
0.056825,2.664,-6.33210505773472
0.056825,2.667,-6.27443520317825
0.056825,2.67,-6.21764547519674
0.056825,2.673,-6.16171866922855
0.056825,2.676,-6.10663796724002
0.056825,2.679,-6.05238692933913
0.056825,2.682,-5.99894948543634
0.056825,2.685,-5.94630992697181
0.056825,2.688,-5.89445289872479
0.056825,2.691,-5.84336339071898
0.056825,2.694,-5.7930267302353
0.056825,2.697,-5.74342857394194
0.056825,2.7,-5.6945549001495
0.056825,2.703,-5.64639200119797
0.056825,2.706,-5.59892647598082
0.056825,2.709,-5.55214522261023
0.056825,2.712,-5.50603543122685
0.056825,2.715,-5.46058457695617
0.056825,2.718,-5.41578041301332
0.056825,2.721,-5.37161096395682
0.056825,2.724,-5.32806451909195
0.056825,2.727,-5.28512962602322
0.056825,2.73,-5.24279508435557
0.056825,2.733,-5.20104993954301
0.056825,2.736,-5.15988347688363
0.056825,2.739,-5.11928521565907
0.056825,2.742,-5.07924490341692
0.056825,2.745,-5.03975251039365
0.056825,2.748,-5.00079822407617
0.056825,2.751,-4.9623724438994
0.056825,2.754,-4.92446577607762
0.056825,2.757,-4.88706902856678
0.056825,2.76,-4.85017320615547
0.056825,2.763,-4.8137695056815
0.056825,2.766,-4.77784931137179
0.056825,2.769,-4.7424041903024
0.056825,2.772,-4.70742588797636
0.056825,2.775,-4.67290632401629
0.056825,2.778,-4.63883758796911
0.056825,2.781,-4.6052119352203
0.056825,2.784,-4.57202178301472
0.056825,2.787,-4.5392597065816
0.056825,2.79,-4.50691843536081
0.056825,2.793,-4.47499084932808
0.056825,2.796,-4.44346997541636
0.056825,2.799,-4.4123489840309
0.056825,2.802,-4.38162118565565
0.056825,2.805,-4.35128002754847
0.056825,2.808,-4.32131909052276
0.056825,2.811,-4.29173208581326
0.056825,2.814,-4.26251285202367
0.056825,2.817,-4.23365535215397
0.056825,2.82,-4.2051536707051
0.056825,2.823,-4.17700201085909
0.056825,2.826,-4.1491946917324
0.056825,2.829,-4.12172614570053
0.056825,2.832,-4.09459091579193
0.056825,2.835,-4.06778365314935
0.056825,2.838,-4.04129911455655
0.056825,2.841,-4.01513216002894
0.056825,2.844,-3.98927775046594
0.056825,2.847,-3.9637309453637
0.056825,2.85,-3.93848690058629
0.056825,2.853,-3.91354086619387
0.056825,2.856,-3.88888818432615
0.056825,2.859,-3.86452428713972
0.056825,2.862,-3.84044469479756
0.056825,2.865,-3.81664501350962
0.056825,2.868,-3.79312093362263
0.056825,2.871,-3.76986822775813
0.056825,2.874,-3.74688274899723
0.056825,2.877,-3.72416042911079
0.056825,2.88,-3.70169727683379
0.056825,2.883,-3.6794893761828
0.056825,2.886,-3.65753288481507
0.056825,2.889,-3.63582403242841
0.056825,2.892,-3.61435911920054
0.056825,2.895,-3.59313451426691
0.056825,2.898,-3.57214665423587
0.056825,2.901,-3.55139204174031
0.056825,2.904,-3.53086724402455
0.056825,2.907,-3.51056889156575
0.056825,2.91,-3.49049367672873
0.056825,2.913,-3.47063835245342
0.056825,2.916,-3.45099973097398
0.056825,2.919,-3.43157468256868
0.056825,2.922,-3.4123601343399
0.056825,2.925,-3.39335306902323
0.056825,2.928,-3.37455052382502
0.056825,2.931,-3.35594958928755
0.056825,2.934,-3.33754740818114
0.056825,2.937,-3.31934117442241
0.056825,2.94,-3.30132813201801
0.056825,2.943,-3.28350557403328
0.056825,2.946,-3.26587084158487
0.056825,2.949,-3.24842132285706
0.056825,2.952,-3.23115445214084
0.056825,2.955,-3.21406770889536
0.056825,2.958,-3.19715861683105
0.056825,2.961,-3.18042474301384
0.056825,2.964,-3.16386369699001
0.056825,2.967,-3.14747312993112
0.056825,2.97,-3.1312507337983
0.056825,2.973,-3.11519424052575
0.056825,2.976,-3.09930142122261
0.056825,2.979,-3.08357008539297
0.056825,2.982,-3.06799808017337
0.056825,2.985,-3.05258328958748
0.056825,2.988,-3.03732363381744
0.056825,2.991,-3.02221706849146
0.056825,2.994,-3.00726158398728
0.056825,2.997,-2.99245520475097
0.056825,3,-2.97779598863091
0.05695,1.8,-0.858816133590371
0.05695,1.803,-0.870868944006718
0.05695,1.806,-0.8831103917147
0.05695,1.809,-0.895543762552589
0.05695,1.812,-0.908172404430724
0.05695,1.815,-0.92099972854114
0.05695,1.818,-0.934029210589555
0.05695,1.821,-0.947264392050106
0.05695,1.824,-0.960708881443144
0.05695,1.827,-0.974366355636356
0.05695,1.83,-0.988240561169645
0.05695,1.833,-1.00233531560399
0.05695,1.836,-1.01665450889468
0.05695,1.839,-1.03120210478923
0.05695,1.842,-1.04598214225026
0.05695,1.845,-1.06099873690379
0.05695,1.848,-1.07625608251305
0.05695,1.851,-1.0917584524784
0.05695,1.854,-1.10751020136346
0.05695,1.857,-1.12351576644785
0.05695,1.86,-1.13977966930692
0.05695,1.863,-1.15630651741869
0.05695,1.866,-1.17310100579834
0.05695,1.869,-1.19016791866055
0.05695,1.872,-1.20751213111014
0.05695,1.875,-1.22513861086104
0.05695,1.878,-1.2430524199842
0.05695,1.881,-1.26125871668446
0.05695,1.884,-1.27976275710693
0.05695,1.887,-1.29856989717304
0.05695,1.89,-1.31768559444649
0.05695,1.893,-1.33711541002961
0.05695,1.896,-1.3568650104902
0.05695,1.899,-1.37694016981925
0.05695,1.902,-1.39734677141978
0.05695,1.905,-1.41809081012715
0.05695,1.908,-1.439178394261
0.05695,1.911,-1.46061574770918
0.05695,1.914,-1.48240921204398
0.05695,1.917,-1.50456524867081
0.05695,1.92,-1.5270904410097
0.05695,1.923,-1.54999149670987
0.05695,1.926,-1.57327524989764
0.05695,1.929,-1.5969486634579
0.05695,1.932,-1.62101883134954
0.05695,1.935,-1.64549298095492
0.05695,1.938,-1.67037847546388
0.05695,1.941,-1.69568281629236
0.05695,1.944,-1.72141364553609
0.05695,1.947,-1.74757874845945
0.05695,1.95,-1.77418605602002
0.05695,1.953,-1.80124364742894
0.05695,1.956,-1.8287597527474
0.05695,1.959,-1.85674275551973
0.05695,1.962,-1.88520119544325
0.05695,1.965,-1.91414377107532
0.05695,1.968,-1.9435793425779
0.05695,1.971,-1.97351693449999
0.05695,1.974,-2.00396573859844
0.05695,1.977,-2.03493511669738
0.05695,1.98,-2.06643460358679
0.05695,1.983,-2.09847390996066
0.05695,1.986,-2.13106292539524
0.05695,1.989,-2.16421172136776
0.05695,1.992,-2.19793055431632
0.05695,1.995,-2.23222986874139
0.05695,1.998,-2.26712030034949
0.05695,2.001,-2.30261267923982
0.05695,2.004,-2.33871803313429
0.05695,2.007,-2.37544759065187
0.05695,2.01,-2.41281278462768
0.05695,2.013,-2.45082525547791
0.05695,2.016,-2.48949685461113
0.05695,2.019,-2.52883964788684
0.05695,2.022,-2.56886591912223
0.05695,2.025,-2.60958817364795
0.05695,2.028,-2.65101914191375
0.05695,2.031,-2.69317178314505
0.05695,2.034,-2.73605928905129
0.05695,2.037,-2.77969508758704
0.05695,2.04,-2.82409284676685
0.05695,2.043,-2.86926647853475
0.05695,2.046,-2.91523014268934
0.05695,2.049,-2.96199825086533
0.05695,2.052,-3.00958547057241
0.05695,2.055,-3.05800672929212
0.05695,2.058,-3.10727721863337
0.05695,2.061,-3.15741239854716
0.05695,2.064,-3.20842800160078
0.05695,2.067,-3.26034003731162
0.05695,2.07,-3.31316479654048
0.05695,2.073,-3.36691885594381
0.05695,2.076,-3.42161908248428
0.05695,2.079,-3.47728263799818
0.05695,2.082,-3.53392698381796
0.05695,2.085,-3.5915698854475
0.05695,2.088,-3.65022941728692
0.05695,2.091,-3.70992396740304
0.05695,2.094,-3.77067224234036
0.05695,2.097,-3.83249327196663
0.05695,2.1,-3.89540641434549
0.05695,2.103,-3.95943136062719
0.05695,2.106,-4.02458813994691
0.05695,2.109,-4.09089712431776
0.05695,2.112,-4.15837903350356
0.05695,2.115,-4.22705493985397
0.05695,2.118,-4.2969462730811
0.05695,2.121,-4.36807482495373
0.05695,2.124,-4.44046275388125
0.05695,2.127,-4.51413258935486
0.05695,2.13,-4.58910723620879
0.05695,2.133,-4.66540997865823
0.05695,2.136,-4.74306448406441
0.05695,2.139,-4.82209480636988
0.05695,2.142,-4.90252538913839
0.05695,2.145,-4.98438106812462
0.05695,2.148,-5.06768707328789
0.05695,2.151,-5.15246903015218
0.05695,2.154,-5.23875296040049
0.05695,2.157,-5.32656528157631
0.05695,2.16,-5.41593280574719
0.05695,2.163,-5.50688273696509
0.05695,2.166,-5.5994426673359
0.05695,2.169,-5.69364057148454
0.05695,2.172,-5.78950479917321
0.05695,2.175,-5.88706406579739
0.05695,2.178,-5.98634744044718
0.05695,2.181,-6.08738433117937
0.05695,2.184,-6.19020446709827
0.05695,2.187,-6.29483787678949
0.05695,2.19,-6.40131486259028
0.05695,2.193,-6.5096659701108
0.05695,2.196,-6.61992195234394
0.05695,2.199,-6.73211372761241
0.05695,2.202,-6.84627233050375
0.05695,2.205,-6.96242885483085
0.05695,2.208,-7.0806143875298
0.05695,2.211,-7.20085993226368
0.05695,2.214,-7.32319632134016
0.05695,2.217,-7.44765411436894
0.05695,2.22,-7.57426348188091
0.05695,2.223,-7.70305407190104
0.05695,2.226,-7.83405485720866
0.05695,2.229,-7.96729396072915
0.05695,2.232,-8.10279845617688
0.05695,2.235,-8.2405941407071
0.05695,2.238,-8.38070527593104
0.05695,2.241,-8.52315429320049
0.05695,2.244,-8.66796145857283
0.05695,2.247,-8.81514449232198
0.05695,2.25,-8.96471813726392
0.05695,2.253,-9.11669366951655
0.05695,2.256,-9.27107834461434
0.05695,2.259,-9.42787477115345
0.05695,2.262,-9.58708020335935
0.05695,2.265,-9.74868574316148
0.05695,2.268,-9.91267544154521
0.05695,2.271,-10.0790252881629
0.05695,2.274,-10.2477020774589
0.05695,2.277,-10.4186621389559
0.05695,2.28,-10.5918499189374
0.05695,2.283,-10.7671964006321
0.05695,2.286,-10.9446173503008
0.05695,2.289,-11.1240113774888
0.05695,2.292,-11.3052577993535
0.05695,2.295,-11.4882143016452
0.05695,2.298,-11.6727143929167
0.05695,2.301,-11.8585646542214
0.05695,2.304,-12.0455417943341
0.05695,2.307,-12.2333895308631
0.05695,2.31,-12.4218153309934
0.05695,2.313,-12.6104870624969
0.05695,2.316,-12.7990296264861
0.05695,2.319,-12.9870216684639
0.05695,2.322,-13.1739924935543
0.05695,2.325,-13.3594193450291
0.05695,2.328,-13.5427252414001
0.05695,2.331,-13.7232776046665
0.05695,2.334,-13.900387948002
0.05695,2.337,-14.0733129212298
0.05695,2.34,-14.2412570315652
0.05695,2.343,-14.4033773587851
0.05695,2.346,-14.5587905608498
0.05695,2.349,-14.7065824105995
0.05695,2.352,-14.8458200101211
0.05695,2.355,-14.9755666930958
0.05695,2.358,-15.0948994478531
0.05695,2.361,-15.2029284823825
0.05695,2.364,-15.298818322266
0.05695,2.367,-15.3818096062628
0.05695,2.37,-15.451240551095
0.05695,2.373,-15.5065669283301
0.05695,2.376,-15.5473793607384
0.05695,2.379,-15.573416822652
0.05695,2.382,-15.5845754235424
0.05695,2.385,-15.5809118532628
0.05695,2.388,-15.5626412406186
0.05695,2.391,-15.5301295804261
0.05695,2.394,-15.4838812687502
0.05695,2.397,-15.4245226058055
0.05695,2.4,-15.3527823469179
0.05695,2.403,-15.2694704866865
0.05695,2.406,-15.1754564509567
0.05695,2.409,-15.0716477619527
0.05695,2.412,-14.9589700609749
0.05695,2.415,-14.838349151786
0.05695,2.418,-14.7106954961592
0.05695,2.421,-14.5768913755531
0.05695,2.424,-14.4377807464638
0.05695,2.427,-14.2941616707952
0.05695,2.43,-14.1467810988919
0.05695,2.433,-13.9963317189731
0.05695,2.436,-13.8434505566927
0.05695,2.439,-13.6887190051229
0.05695,2.442,-13.5326639811452
0.05695,2.445,-13.3757599322664
0.05695,2.448,-13.2184314526675
0.05695,2.451,-13.0610563045254
0.05695,2.454,-12.9039686772661
0.05695,2.457,-12.7474625514326
0.05695,2.46,-12.5917950641442
0.05695,2.463,-12.4371897992027
0.05695,2.466,-12.283839946711
0.05695,2.469,-12.1319112948509
0.05695,2.472,-11.9815450306219
0.05695,2.475,-11.8328603373369
0.05695,2.478,-11.6859567850054
0.05695,2.481,-11.5409165158648
0.05695,2.484,-11.3978062316791
0.05695,2.487,-11.2566789923747
0.05695,2.49,-11.1175758374435
0.05695,2.493,-10.9805272425701
0.05695,2.496,-10.8455544243533
0.05695,2.499,-10.7126705059462
0.05695,2.502,-10.5818815560899
0.05695,2.505,-10.4531875134395
0.05695,2.508,-10.3265830073845
0.05695,2.511,-10.2020580857815
0.05695,2.514,-10.0795988592122
0.05695,2.517,-9.95918807056337
0.05695,2.52,-9.84080559794115
0.05695,2.523,-9.7244288981731
0.05695,2.526,-9.61003339744399
0.05695,2.529,-9.49759283495017
0.05695,2.532,-9.38707956484876
0.05695,2.535,-9.27846482122107
0.05695,2.538,-9.17171895026287
0.05695,2.541,-9.06681161345635
0.05695,2.544,-8.96371196506421
0.05695,2.547,-8.86238880691671
0.05695,2.55,-8.76281072312835
0.05695,2.553,-8.66494619708487
0.05695,2.556,-8.56876371277533
0.05695,2.559,-8.47423184230854
0.05695,2.562,-8.38131932124262
0.05695,2.565,-8.28999511317032
0.05695,2.568,-8.20022846483706
0.05695,2.571,-8.11198895292153
0.05695,2.574,-8.02524652347926
0.05695,2.577,-7.93997152493329
0.05695,2.58,-7.85613473539491
0.05695,2.583,-7.77370738500635
0.05695,2.586,-7.69266117391765
0.05695,2.589,-7.61296828643876
0.05695,2.592,-7.53460140184596
0.05695,2.595,-7.45753370226497
0.05695,2.598,-7.38173887800545
0.05695,2.601,-7.30719113067697
0.05695,2.604,-7.23386517437879
0.05695,2.607,-7.16173623522144
0.05695,2.61,-7.09078004940792
0.05695,2.613,-7.02097286007588
0.05695,2.616,-6.95229141307829
0.05695,2.619,-6.88471295185932
0.05695,2.622,-6.81821521156352
0.05695,2.625,-6.75277641250016
0.05695,2.628,-6.68837525306976
0.05695,2.631,-6.62499090224724
0.05695,2.634,-6.5626029917046
0.05695,2.637,-6.50119160764578
0.05695,2.64,-6.4407372824178
0.05695,2.643,-6.38122098595382
0.05695,2.646,-6.32262411709714
0.05695,2.649,-6.26492849484876
0.05695,2.652,-6.20811634957569
0.05695,2.655,-6.15217031421213
0.05695,2.658,-6.09707341548158
0.05695,2.661,-6.04280906516393
0.05695,2.664,-5.98936105142823
0.05695,2.667,-5.936713530249
0.05695,2.67,-5.88485101692086
0.05695,2.673,-5.83375837768461
0.05695,2.676,-5.78342082147525
0.05695,2.679,-5.73382389180065
0.05695,2.682,-5.68495345875851
0.05695,2.685,-5.63679571119714
0.05695,2.688,-5.58933714902478
0.05695,2.691,-5.54256457567113
0.05695,2.694,-5.49646509070331
0.05695,2.697,-5.45102608259842
0.05695,2.7,-5.40623522167337
0.05695,2.703,-5.36208045317252
0.05695,2.706,-5.31854999051295
0.05695,2.709,-5.27563230868663
0.05695,2.712,-5.23331613781851
0.05695,2.715,-5.19159045687907
0.05695,2.718,-5.15044448754967
0.05695,2.721,-5.10986768823861
0.05695,2.724,-5.06984974824588
0.05695,2.727,-5.0303805820741
0.05695,2.73,-4.99145032388328
0.05695,2.733,-4.95304932208653
0.05695,2.736,-4.9151681340843
0.05695,2.739,-4.87779752113414
0.05695,2.742,-4.84092844335314
0.05695,2.745,-4.8045520548503
0.05695,2.748,-4.76865969898569
0.05695,2.751,-4.73324290375376
0.05695,2.754,-4.69829337728753
0.05695,2.757,-4.66380300348106
0.05695,2.76,-4.62976383772713
0.05695,2.763,-4.59616810276723
0.05695,2.766,-4.56300818465117
0.05695,2.769,-4.53027662880329
0.05695,2.772,-4.49796613619271
0.05695,2.775,-4.46606955960479
0.05695,2.778,-4.43457990001108
0.05695,2.781,-4.4034903030352
0.05695,2.784,-4.37279405551214
0.05695,2.787,-4.34248458213828
0.05695,2.79,-4.3125554422098
0.05695,2.793,-4.28300032644702
0.05695,2.796,-4.25381305390234
0.05695,2.799,-4.22498756894939
0.05695,2.802,-4.19651793835128
0.05695,2.805,-4.16839834840564
0.05695,2.808,-4.14062310216437
0.05695,2.811,-4.11318661672601
0.05695,2.814,-4.08608342059872
0.05695,2.817,-4.05930815113185
0.05695,2.82,-4.03285555201421
0.05695,2.823,-4.00672047083722
0.05695,2.826,-3.98089785672103
0.05695,2.829,-3.95538275800185
0.05695,2.832,-3.93017031997899
0.05695,2.835,-3.9052557827195
0.05695,2.838,-3.88063447891928
0.05695,2.841,-3.85630183181876
0.05695,2.844,-3.8322533531717
0.05695,2.847,-3.80848464126567
0.05695,2.85,-3.78499137899277
0.05695,2.853,-3.76176933196908
0.05695,2.856,-3.73881434670158
0.05695,2.859,-3.71612234880124
0.05695,2.862,-3.69368934124086
0.05695,2.865,-3.6715114026566
0.05695,2.868,-3.64958468569178
0.05695,2.871,-3.62790541538199
0.05695,2.874,-3.6064698875802
0.05695,2.877,-3.58527446742085
0.05695,2.88,-3.56431558782185
0.05695,2.883,-3.54358974802338
0.05695,2.886,-3.52309351216257
0.05695,2.889,-3.50282350788298
0.05695,2.892,-3.48277642497804
0.05695,2.895,-3.46294901406737
0.05695,2.898,-3.44333808530528
0.05695,2.901,-3.42394050712038
0.05695,2.904,-3.40475320498561
0.05695,2.907,-3.38577316021775
0.05695,2.91,-3.36699740880571
0.05695,2.913,-3.34842304026671
0.05695,2.916,-3.33004719652983
0.05695,2.919,-3.31186707084576
0.05695,2.922,-3.29387990672263
0.05695,2.925,-3.27608299688668
0.05695,2.928,-3.25847368226749
0.05695,2.931,-3.2410493510069
0.05695,2.934,-3.22380743749106
0.05695,2.937,-3.20674542140505
0.05695,2.94,-3.18986082680941
0.05695,2.943,-3.17315122123798
0.05695,2.946,-3.15661421481656
0.05695,2.949,-3.1402474594018
0.05695,2.952,-3.12404864773985
0.05695,2.955,-3.10801551264414
0.05695,2.958,-3.09214582619191
0.05695,2.961,-3.0764373989389
0.05695,2.964,-3.06088807915188
0.05695,2.967,-3.04549575205837
0.05695,2.97,-3.03025833911323
0.05695,2.973,-3.01517379728168
0.05695,2.976,-3.00024011833829
0.05695,2.979,-2.98545532818157
0.05695,2.982,-2.97081748616365
0.05695,2.985,-2.95632468443492
0.05695,2.988,-2.94197504730292
0.05695,2.991,-2.92776673060541
0.05695,2.994,-2.91369792109706
0.05695,2.997,-2.89976683584955
0.05695,3,-2.88597172166465
0.057075,1.8,-0.83141187426889
0.057075,1.803,-0.84303610695897
0.057075,1.806,-0.854841507894834
0.057075,1.809,-0.866831221199963
0.057075,1.812,-0.879008450332022
0.057075,1.815,-0.891376459243
0.057075,1.818,-0.903938573561079
0.057075,1.821,-0.916698181794573
0.057075,1.824,-0.929658736558244
0.057075,1.827,-0.942823755822341
0.057075,1.83,-0.95619682418469
0.057075,1.833,-0.969781594166152
0.057075,1.836,-0.983581787529789
0.057075,1.839,-0.997601196624079
0.057075,1.842,-1.01184368575049
0.057075,1.845,-1.02631319255576
0.057075,1.848,-1.04101372944919
0.057075,1.851,-1.05594938504534
0.057075,1.854,-1.07112432563236
0.057075,1.857,-1.08654279666638
0.057075,1.86,-1.10220912429224
0.057075,1.863,-1.11812771689085
0.057075,1.866,-1.13430306665362
0.057075,1.869,-1.15073975118414
0.057075,1.872,-1.16744243512755
0.057075,1.875,-1.18441587182784
0.057075,1.878,-1.20166490501343
0.057075,1.881,-1.21919447051137
0.057075,1.884,-1.23700959799042
0.057075,1.887,-1.25511541273337
0.057075,1.89,-1.27351713743883
0.057075,1.893,-1.29222009405295
0.057075,1.896,-1.31122970563117
0.057075,1.899,-1.33055149823049
0.057075,1.902,-1.35019110283239
0.057075,1.905,-1.37015425729688
0.057075,1.908,-1.39044680834778
0.057075,1.911,-1.41107471358966
0.057075,1.914,-1.43204404355666
0.057075,1.917,-1.45336098379355
0.057075,1.92,-1.47503183696915
0.057075,1.923,-1.49706302502266
0.057075,1.926,-1.51946109134289
0.057075,1.929,-1.54223270298088
0.057075,1.932,-1.56538465289614
0.057075,1.935,-1.58892386223669
0.057075,1.938,-1.61285738265334
0.057075,1.941,-1.63719239864844
0.057075,1.944,-1.66193622995926
0.057075,1.947,-1.68709633397646
0.057075,1.95,-1.71268030819793
0.057075,1.953,-1.73869589271812
0.057075,1.956,-1.7651509727534
0.057075,1.959,-1.79205358120357
0.057075,1.962,-1.81941190124997
0.057075,1.965,-1.84723426899046
0.057075,1.968,-1.87552917611152
0.057075,1.971,-1.9043052725981
0.057075,1.974,-1.93357136948117
0.057075,1.977,-1.96333644162377
0.057075,1.98,-1.99360963054562
0.057075,1.983,-2.02440024728698
0.057075,1.986,-2.05571777531188
0.057075,1.989,-2.08757187345159
0.057075,1.992,-2.11997237888833
0.057075,1.995,-2.15292931018015
0.057075,1.998,-2.18645287032725
0.057075,2.001,-2.22055344988041
0.057075,2.004,-2.25524163009208
0.057075,2.007,-2.29052818611076
0.057075,2.01,-2.32642409021933
0.057075,2.013,-2.36294051511804
0.057075,2.016,-2.4000888372528
0.057075,2.019,-2.43788064018966
0.057075,2.022,-2.47632771803611
0.057075,2.025,-2.51544207891015
0.057075,2.028,-2.55523594845797
0.057075,2.031,-2.59572177342097
0.057075,2.034,-2.63691222525335
0.057075,2.037,-2.67882020379079
0.057075,2.04,-2.72145884097161
0.057075,2.043,-2.76484150461095
0.057075,2.046,-2.80898180222932
0.057075,2.049,-2.85389358493614
0.057075,2.052,-2.89959095136949
0.057075,2.055,-2.94608825169275
0.057075,2.058,-2.99340009164916
0.057075,2.061,-3.04154133667487
0.057075,2.064,-3.09052711607142
0.057075,2.067,-3.14037282723794
0.057075,2.07,-3.19109413996365
0.057075,2.073,-3.24270700078073
0.057075,2.076,-3.29522763737764
0.057075,2.079,-3.34867256307233
0.057075,2.082,-3.40305858134495
0.057075,2.085,-3.45840279042855
0.057075,2.088,-3.51472258795658
0.057075,2.091,-3.57203567566458
0.057075,2.094,-3.6303600641434
0.057075,2.097,-3.68971407764014
0.057075,2.1,-3.75011635890223
0.057075,2.103,-3.81158587405875
0.057075,2.106,-3.87414191753218
0.057075,2.109,-3.93780411697201
0.057075,2.112,-4.00259243820002
0.057075,2.115,-4.06852719015539
0.057075,2.118,-4.13562902982507
0.057075,2.121,-4.20391896714292
0.057075,2.124,-4.27341836983768
0.057075,2.127,-4.34414896820709
0.057075,2.13,-4.41613285979117
0.057075,2.133,-4.48939251391384
0.057075,2.136,-4.56395077605691
0.057075,2.139,-4.6398308720252
0.057075,2.142,-4.71705641185494
0.057075,2.145,-4.79565139341071
0.057075,2.148,-4.87564020560804
0.057075,2.151,-4.95704763118964
0.057075,2.154,-5.03989884897256
0.057075,2.157,-5.12421943547227
0.057075,2.16,-5.21003536579581
0.057075,2.163,-5.29737301368139
0.057075,2.166,-5.38625915054449
0.057075,2.169,-5.47672094337119
0.057075,2.172,-5.56878595127755
0.057075,2.175,-5.66248212052901
0.057075,2.178,-5.75783777778569
0.057075,2.181,-5.85488162130767
0.057075,2.184,-5.95364270981843
0.057075,2.187,-6.05415044868383
0.057075,2.19,-6.1564345730183
0.057075,2.193,-6.26052512727743
0.057075,2.196,-6.36645244083765
0.057075,2.199,-6.47424709899702
0.057075,2.202,-6.58393990875591
0.057075,2.205,-6.69556185865119
0.057075,2.208,-6.80914407182162
0.057075,2.211,-6.92471775137312
0.057075,2.214,-7.04231411699054
0.057075,2.217,-7.1619643316032
0.057075,2.22,-7.283699416756
0.057075,2.223,-7.40755015516104
0.057075,2.226,-7.53354697870673
0.057075,2.229,-7.66171983997752
0.057075,2.232,-7.79209806508657
0.057075,2.235,-7.92471018534174
0.057075,2.238,-8.05958374494981
0.057075,2.241,-8.19674508161038
0.057075,2.244,-8.33621907645795
0.057075,2.247,-8.47802886937274
0.057075,2.25,-8.6221955351965
0.057075,2.253,-8.76873771585484
0.057075,2.256,-8.91767120280211
0.057075,2.259,-9.06900846356571
0.057075,2.262,-9.22275810547713
0.057075,2.265,-9.37892426893839
0.057075,2.268,-9.53750594179301
0.057075,2.271,-9.69849618556125
0.057075,2.274,-9.86188126347746
0.057075,2.277,-10.0276396594599
0.057075,2.28,-10.1957409763862
0.057075,2.283,-10.3661447013911
0.057075,2.286,-10.5387988254198
0.057075,2.289,-10.7136383040411
0.057075,2.292,-10.890583346681
0.057075,2.295,-11.0695375221183
0.057075,2.298,-11.2503856694865
0.057075,2.301,-11.4329916063885
0.057075,2.304,-11.6171956293359
0.057075,2.307,-11.8028118069209
0.057075,2.31,-11.9896250733184
0.057075,2.313,-12.1773881393425
0.057075,2.316,-12.3658182508403
0.057075,2.319,-12.5545938401846
0.057075,2.322,-12.7433511364804
0.057075,2.325,-12.9316808241649
0.057075,2.328,-13.1191248680796
0.057075,2.331,-13.3051736555753
0.057075,2.334,-13.4892636420044
0.057075,2.337,-13.6707757235163
0.057075,2.34,-13.8490345978988
0.057075,2.343,-14.0233094066035
0.057075,2.346,-14.192815974069
0.057075,2.349,-14.3567209677248
0.057075,2.352,-14.5141482863656
0.057075,2.355,-14.6641879383091
0.057075,2.358,-14.8059075870173
0.057075,2.361,-14.938366816061
0.057075,2.364,-15.0606339969607
0.057075,2.367,-15.1718054381055
0.057075,2.37,-15.2710262637332
0.057075,2.373,-15.3575122399364
0.057075,2.376,-15.4305715577898
0.057075,2.379,-15.4896254335954
0.057075,2.382,-15.5342263232245
0.057075,2.385,-15.5640725943535
0.057075,2.388,-15.57901866632
0.057075,2.391,-15.5790799040714
0.057075,2.394,-15.5644319137035
0.057075,2.397,-15.535404291008
0.057075,2.4,-15.4924692720652
0.057075,2.403,-15.4362260781754
0.057075,2.406,-15.3673819981399
0.057075,2.409,-15.2867313869592
0.057075,2.412,-15.1951337777539
0.057075,2.415,-15.0934922162722
0.057075,2.418,-14.9827327599893
0.057075,2.421,-14.86378586771
0.057075,2.424,-14.7375701718785
0.057075,2.427,-14.6049789008999
0.057075,2.43,-14.466869021827
0.057075,2.433,-14.3240530158437
0.057075,2.436,-14.1772930839931
0.057075,2.439,-14.0272975068185
0.057075,2.442,-13.8747188436993
0.057075,2.445,-13.7201536484469
0.057075,2.448,-13.5641433896043
0.057075,2.451,-13.4071762897674
0.057075,2.454,-13.2496898321797
0.057075,2.457,-13.0920737201603
0.057075,2.46,-12.9346731122342
0.057075,2.463,-12.7777919909113
0.057075,2.466,-12.6216965545637
0.057075,2.469,-12.4666185491676
0.057075,2.472,-12.3127584796641
0.057075,2.475,-12.1602886595336
0.057075,2.478,-12.0093560722532
0.057075,2.481,-11.8600850300849
0.057075,2.484,-11.7125796246116
0.057075,2.487,-11.5669259700846
0.057075,2.49,-11.4231942454125
0.057075,2.493,-11.2814405438799
0.057075,2.496,-11.1417085417858
0.057075,2.499,-11.0040309983895
0.057075,2.502,-10.8684311000876
0.057075,2.505,-10.7349236617918
0.057075,2.508,-10.6035161981767
0.057075,2.511,-10.4742098769293
0.057075,2.514,-10.347000365451
0.057075,2.517,-10.2218785816821
0.057075,2.52,-10.0988313589118
0.057075,2.523,-9.97784203361269
0.057075,2.526,-9.85889096453672
0.057075,2.529,-9.74195599054059
0.057075,2.532,-9.62701283388145
0.057075,2.535,-9.51403545504754
0.057075,2.538,-9.40299636456301
0.057075,2.541,-9.29386689663397
0.057075,2.544,-9.18661744898097
0.057075,2.547,-9.08121769273176
0.057075,2.55,-8.97763675582156
0.057075,2.553,-8.87584338296567
0.057075,2.556,-8.77580607492631
0.057075,2.559,-8.67749320948841
0.057075,2.562,-8.58087314628617
0.057075,2.565,-8.48591431737771
0.057075,2.568,-8.39258530524914
0.057075,2.571,-8.30085490973604
0.057075,2.574,-8.21069220518004
0.057075,2.577,-8.12206658898625
0.057075,2.58,-8.03494782261293
0.057075,2.583,-7.9493060659059
0.057075,2.586,-7.86511190558475
0.057075,2.589,-7.78233637859434
0.057075,2.592,-7.70095099095307
0.057075,2.595,-7.62092773265543
0.057075,2.598,-7.54223908912259
0.057075,2.601,-7.46485804963686
0.057075,2.604,-7.38875811314558
0.057075,2.607,-7.31391329177495
0.057075,2.61,-7.24029811235484
0.057075,2.613,-7.16788761622044
0.057075,2.616,-7.09665735752546
0.057075,2.619,-7.02658340027426
0.057075,2.622,-6.95764231425569
0.057075,2.625,-6.88981117004024
0.057075,2.628,-6.82306753318251
0.057075,2.631,-6.7573894577547
0.057075,2.634,-6.69275547932107
0.057075,2.637,-6.62914460745102
0.057075,2.64,-6.5665363178558
0.057075,2.643,-6.50491054422395
0.057075,2.646,-6.44424766982125
0.057075,2.649,-6.38452851891281
0.057075,2.652,-6.3257343480575
0.057075,2.655,-6.26784683731887
0.057075,2.658,-6.21084808143072
0.057075,2.661,-6.15472058095057
0.057075,2.664,-6.0994472334299
0.057075,2.667,-6.04501132462608
0.057075,2.67,-5.99139651977712
0.057075,2.673,-5.93858685495794
0.057075,2.676,-5.88656672853344
0.057075,2.679,-5.83532089272175
0.057075,2.682,-5.78483444527866
0.057075,2.685,-5.73509282131233
0.057075,2.688,-5.68608178523611
0.057075,2.691,-5.6377874228653
0.057075,2.694,-5.59019613366277
0.057075,2.697,-5.54329462313723
0.057075,2.7,-5.49706989539677
0.057075,2.703,-5.45150924585956
0.057075,2.706,-5.40660025412293
0.057075,2.709,-5.36233077699115
0.057075,2.712,-5.31868894166187
0.057075,2.715,-5.2756631390707
0.057075,2.718,-5.2332420173929
0.057075,2.721,-5.19141447570057
0.057075,2.724,-5.15016965777411
0.057075,2.727,-5.10949694606551
0.057075,2.73,-5.06938595581174
0.057075,2.733,-5.02982652929547
0.057075,2.736,-4.99080873025098
0.057075,2.739,-4.95232283841234
0.057075,2.742,-4.91435934420136
0.057075,2.745,-4.87690894355225
0.057075,2.748,-4.83996253287042
0.057075,2.751,-4.80351120412218
0.057075,2.754,-4.76754624005274
0.057075,2.757,-4.73205910952927
0.057075,2.76,-4.69704146300628
0.057075,2.763,-4.66248512811025
0.057075,2.766,-4.62838210534068
0.057075,2.769,-4.59472456388461
0.057075,2.772,-4.56150483754166
0.057075,2.775,-4.52871542075703
0.057075,2.778,-4.49634896475925
0.057075,2.781,-4.4643982738004
0.057075,2.784,-4.43285630149566
0.057075,2.787,-4.40171614725982
0.057075,2.79,-4.37097105283812
0.057075,2.793,-4.34061439892873
0.057075,2.796,-4.31063970189446
0.057075,2.799,-4.28104061056138
0.057075,2.802,-4.25181090310169
0.057075,2.805,-4.22294448399885
0.057075,2.808,-4.19443538109238
0.057075,2.811,-4.16627774270035
0.057075,2.814,-4.13846583481729
0.057075,2.817,-4.11099403838548
0.057075,2.82,-4.08385684663745
0.057075,2.823,-4.05704886250788
0.057075,2.826,-4.03056479611281
0.057075,2.829,-4.00439946229432
0.057075,2.832,-3.97854777822894
0.057075,2.835,-3.95300476109774
0.057075,2.838,-3.92776552581672
0.057075,2.841,-3.90282528282554
0.057075,2.844,-3.87817933593304
0.057075,2.847,-3.85382308021801
0.057075,2.85,-3.82975199998357
0.057075,2.853,-3.80596166676371
0.057075,2.856,-3.78244773738055
0.057075,2.859,-3.7592059520508
0.057075,2.862,-3.73623213254024
0.057075,2.865,-3.71352218036461
0.057075,2.868,-3.69107207503589
0.057075,2.871,-3.66887787235249
0.057075,2.874,-3.64693570273228
0.057075,2.877,-3.62524176958716
0.057075,2.88,-3.60379234773813
0.057075,2.883,-3.58258378186956
0.057075,2.886,-3.56161248502187
0.057075,2.889,-3.54087493712121
0.057075,2.892,-3.52036768354537
0.057075,2.895,-3.50008733372489
0.057075,2.898,-3.48003055977825
0.057075,2.901,-3.46019409518041
0.057075,2.904,-3.44057473346367
0.057075,2.907,-3.42116932694998
0.057075,2.91,-3.40197478551385
0.057075,2.913,-3.38298807537504
0.057075,2.916,-3.36420621792023
0.057075,2.919,-3.34562628855286
0.057075,2.922,-3.32724541557036
0.057075,2.925,-3.30906077906809
0.057075,2.928,-3.29106960986924
0.057075,2.931,-3.27326918847995
0.057075,2.934,-3.25565684406908
0.057075,2.937,-3.2382299534718
0.057075,2.94,-3.22098594021659
0.057075,2.943,-3.20392227357483
0.057075,2.946,-3.18703646763243
0.057075,2.949,-3.17032608038297
0.057075,2.952,-3.15378871284177
0.057075,2.955,-3.13742200818024
0.057075,2.958,-3.12122365088012
0.057075,2.961,-3.1051913659069
0.057075,2.964,-3.08932291790219
0.057075,2.967,-3.0736161103942
0.057075,2.97,-3.05806878502614
0.057075,2.973,-3.04267882080195
0.057075,2.976,-3.02744413334886
0.057075,2.979,-3.0123626741965
0.057075,2.982,-2.99743243007193
0.057075,2.985,-2.98265142221034
0.057075,2.988,-2.96801770568092
0.057075,2.991,-2.95352936872756
0.057075,2.994,-2.93918453212398
0.057075,2.997,-2.92498134854284
0.057075,3,-2.91091800193867
0.0572,1.8,-0.849428131163806
0.0572,1.803,-0.861359302695364
0.0572,1.806,-0.873477408843254
0.0572,1.809,-0.885785711820483
0.0572,1.812,-0.898287535704082
0.0572,1.815,-0.910986267648925
0.0572,1.818,-0.923885359124269
0.0572,1.821,-0.936988327173405
0.0572,1.824,-0.950298755696753
0.0572,1.827,-0.963820296758731
0.0572,1.83,-0.977556671918749
0.0572,1.833,-0.991511673586667
0.0572,1.836,-1.00568916640307
0.0572,1.839,-1.0200930886447
0.0572,1.842,-1.03472745365538
0.0572,1.845,-1.04959635130278
0.0572,1.848,-1.06470394946134
0.0572,1.851,-1.08005449552183
0.0572,1.854,-1.09565231792762
0.0572,1.857,-1.11150182773829
0.0572,1.86,-1.12760752022071
0.0572,1.863,-1.14397397646806
0.0572,1.866,-1.16060586504708
0.0572,1.869,-1.17750794367379
0.0572,1.872,-1.19468506091824
0.0572,1.875,-1.21214215793839
0.0572,1.878,-1.22988427024355
0.0572,1.881,-1.2479165294878
0.0572,1.884,-1.26624416529345
0.0572,1.887,-1.28487250710523
0.0572,1.89,-1.30380698607513
0.0572,1.893,-1.32305313697862
0.0572,1.896,-1.34261660016214
0.0572,1.899,-1.3625031235226
0.0572,1.902,-1.38271856451883
0.0572,1.905,-1.40326889221552
0.0572,1.908,-1.42416018935994
0.0572,1.911,-1.44539865449155
0.0572,1.914,-1.46699060408512
0.0572,1.917,-1.48894247472737
0.0572,1.92,-1.51126082532761
0.0572,1.923,-1.53395233936258
0.0572,1.926,-1.55702382715592
0.0572,1.929,-1.58048222819239
0.0572,1.932,-1.60433461346729
0.0572,1.935,-1.62858818787136
0.0572,1.938,-1.65325029261137
0.0572,1.941,-1.67832840766688
0.0572,1.944,-1.70383015428326
0.0572,1.947,-1.72976329750154
0.0572,1.95,-1.7561357487252
0.0572,1.953,-1.7829555683244
0.0572,1.956,-1.8102309682778
0.0572,1.959,-1.83797031485257
0.0572,1.962,-1.86618213132266
0.0572,1.965,-1.89487510072604
0.0572,1.968,-1.92405806866094
0.0572,1.971,-1.95374004612176
0.0572,1.974,-1.98393021237494
0.0572,1.977,-2.01463791787537
0.0572,1.98,-2.0458726872235
0.0572,1.983,-2.07764422216403
0.0572,1.986,-2.10996240462636
0.0572,1.989,-2.14283729980753
0.0572,1.992,-2.1762791592981
0.0572,1.995,-2.21029842425166
0.0572,1.998,-2.24490572859842
0.0572,2.001,-2.28011190230383
0.0572,2.004,-2.31592797467256
0.0572,2.007,-2.35236517769885
0.0572,2.01,-2.3894349494639
0.0572,2.013,-2.427148937581
0.0572,2.016,-2.46551900268938
0.0572,2.019,-2.50455722199758
0.0572,2.022,-2.54427589287727
0.0572,2.025,-2.58468753650836
0.0572,2.028,-2.6258049015766
0.0572,2.031,-2.66764096802438
0.0572,2.034,-2.71020895085596
0.0572,2.037,-2.75352230399806
0.0572,2.04,-2.79759472421695
0.0572,2.043,-2.84244015509292
0.0572,2.046,-2.88807279105331
0.0572,2.049,-2.93450708146503
0.0572,2.052,-2.98175773478752
0.0572,2.055,-3.0298397227871
0.0572,2.058,-3.07876828481334
0.0572,2.061,-3.12855893213842
0.0572,2.064,-3.17922745235968
0.0572,2.067,-3.23078991386601
0.0572,2.07,-3.28326267036789
0.0572,2.073,-3.33666236549123
0.0572,2.076,-3.39100593743421
0.0572,2.079,-3.44631062368638
0.0572,2.082,-3.50259396580853
0.0572,2.085,-3.55987381427136
0.0572,2.088,-3.6181683333503
0.0572,2.091,-3.67749600607305
0.0572,2.094,-3.73787563921538
0.0572,2.097,-3.7993263683398
0.0572,2.1,-3.86186766287045
0.0572,2.103,-3.92551933119598
0.0572,2.106,-3.99030152579065
0.0572,2.109,-4.05623474834203
0.0572,2.112,-4.12333985487129
0.0572,2.115,-4.19163806082981
0.0572,2.118,-4.26115094615274
0.0572,2.121,-4.33190046024702
0.0572,2.124,-4.40390892688746
0.0572,2.127,-4.47719904899054
0.0572,2.13,-4.55179391323016
0.0572,2.133,-4.62771699445469
0.0572,2.136,-4.70499215985782
0.0572,2.139,-4.78364367284893
0.0572,2.142,-4.86369619656031
0.0572,2.145,-4.94517479691963
0.0572,2.148,-5.02810494520517
0.0572,2.151,-5.11251251999002
0.0572,2.154,-5.19842380836742
0.0572,2.157,-5.28586550633461
0.0572,2.16,-5.37486471819506
0.0572,2.163,-5.46544895481944
0.0572,2.166,-5.5576461305836
0.0572,2.169,-5.65148455877647
0.0572,2.172,-5.74699294524279
0.0572,2.175,-5.844200379993
0.0572,2.178,-5.94313632647636
0.0572,2.181,-6.04383060817224
0.0572,2.184,-6.14631339210743
0.0572,2.187,-6.25061516885503
0.0572,2.19,-6.35676672851014
0.0572,2.193,-6.46479913207018
0.0572,2.196,-6.57474367757092
0.0572,2.199,-6.68663186024271
0.0572,2.202,-6.80049532585334
0.0572,2.205,-6.91636581629304
0.0572,2.208,-7.03427510633186
0.0572,2.211,-7.15425493033818
0.0572,2.214,-7.27633689758709
0.0572,2.217,-7.40055239460682
0.0572,2.22,-7.52693247280839
0.0572,2.223,-7.65550771941382
0.0572,2.226,-7.78630810944117
0.0572,2.229,-7.91936283621419
0.0572,2.232,-8.05470011754019
0.0572,2.235,-8.19234697433567
0.0572,2.238,-8.33232897807385
0.0572,2.241,-8.47466996297598
0.0572,2.244,-8.61939169836784
0.0572,2.247,-8.76651351606951
0.0572,2.25,-8.91605188707889
0.0572,2.253,-9.06801994114698
0.0572,2.256,-9.22242692212453
0.0572,2.259,-9.37927757119163
0.0572,2.262,-9.53857142926687
0.0572,2.265,-9.70030204904656
0.0572,2.268,-9.86445610626144
0.0572,2.271,-10.0310123988882
0.0572,2.274,-10.1999407222511
0.0572,2.277,-10.3712006072494
0.0572,2.28,-10.5447399084196
0.0572,2.283,-10.7204932282798
0.0572,2.286,-10.8983801645348
0.0572,2.289,-11.0783033673973
0.0572,2.292,-11.2601463957054
0.0572,2.295,-11.4437713629405
0.0572,2.298,-11.629016367972
0.0572,2.301,-11.8156927107429
0.0572,2.304,-12.0035819005828
0.0572,2.307,-12.1924324748783
0.0572,2.31,-12.3819566589454
0.0572,2.313,-12.5718269146792
0.0572,2.316,-12.7616724463653
0.0572,2.319,-12.9510757573012
0.0572,2.322,-13.139569380704
0.0572,2.325,-13.3266329425294
0.0572,2.328,-13.5116907514401
0.0572,2.331,-13.6941101506012
0.0572,2.334,-13.8732009045534
0.0572,2.337,-14.0482159281474
0.0572,2.34,-14.2183536880714
0.0572,2.343,-14.382762614138
0.0572,2.346,-14.5405478394604
0.0572,2.349,-14.6907805378797
0.0572,2.352,-14.8325100362757
0.0572,2.355,-14.9647787440675
0.0572,2.358,-15.0866397621589
0.0572,2.361,-15.1971768153303
0.0572,2.364,-15.2955259102296
0.0572,2.367,-15.3808978788407
0.0572,2.37,-15.4526007548219
0.0572,2.373,-15.510060781133
0.0572,2.376,-15.5528407935312
0.0572,2.379,-15.5806547886205
0.0572,2.382,-15.5933776749379
0.0572,2.385,-15.5910495097366
0.0572,2.388,-15.5738739120822
0.0572,2.391,-15.5422107690409
0.0572,2.394,-15.496563763398
0.0572,2.397,-15.437563598552
0.0572,2.4,-15.3659480407604
0.0572,2.403,-15.2825400204343
0.0572,2.406,-15.1882250320376
0.0572,2.409,-15.0839289629816
0.0572,2.412,-14.9705972941565
0.0572,2.415,-14.8491763819781
0.0572,2.418,-14.7205972864306
0.0572,2.421,-14.5857623782425
0.0572,2.424,-14.4455347596054
0.0572,2.427,-14.3007303767916
0.0572,2.43,-14.1521125923334
0.0572,2.433,-14.000388916225
0.0572,2.436,-13.8462095636426
0.0572,2.439,-13.6901675030708
0.0572,2.442,-13.5327996754702
0.0572,2.445,-13.3745890949659
0.0572,2.448,-13.2159675784749
0.0572,2.451,-13.0573188911451
0.0572,2.454,-12.8989821331826
0.0572,2.457,-12.7412552295225
0.0572,2.46,-12.5843984156572
0.0572,2.463,-12.4286376402831
0.0572,2.466,-12.2741678282364
0.0572,2.469,-12.1211559657192
0.0572,2.472,-11.9697439845211
0.0572,2.475,-11.8200514333174
0.0572,2.478,-11.6721779327077
0.0572,2.481,-11.5262054169409
0.0572,2.484,-11.3822001697092
0.0572,2.487,-11.2402146643622
0.0572,2.49,-11.1002892207465
0.0572,2.493,-10.962453491861
0.0572,2.496,-10.8267277938795
0.0572,2.499,-10.6931242929929
0.0572,2.502,-10.5616480621044
0.0572,2.505,-10.432298019779
0.0572,2.508,-10.3050677630912
0.0572,2.511,-10.1799463051749
0.0572,2.514,-10.0569187274255
0.0572,2.517,-9.93596675544418
0.0572,2.52,-9.81706926698459
0.0572,2.523,-9.70020273937353
0.0572,2.526,-9.58534164313474
0.0572,2.529,-9.47245878785746
0.0572,2.532,-9.36152562571964
0.0572,2.535,-9.25251251749796
0.0572,2.538,-9.14538896537266
0.0572,2.541,-9.04012381636242
0.0572,2.544,-8.93668543979748
0.0572,2.547,-8.83504188185826
0.0572,2.55,-8.73516099986356
0.0572,2.553,-8.63701057868871
0.0572,2.556,-8.54055843142106
0.0572,2.559,-8.44577248611933
0.0572,2.562,-8.35262086032812
0.0572,2.565,-8.26107192480857
0.0572,2.568,-8.17109435777726
0.0572,2.571,-8.08265719079543
0.0572,2.574,-7.99572984731879
0.0572,2.577,-7.91028217480006
0.0572,2.58,-7.82628447113341
0.0572,2.583,-7.74370750613753
0.0572,2.586,-7.66252253869347
0.0572,2.589,-7.58270133008107
0.0572,2.592,-7.50421615399493
0.0572,2.595,-7.42703980366399
0.0572,2.598,-7.35114559645016
0.0572,2.601,-7.2765073762565
0.0572,2.604,-7.20309951403758
0.0572,2.607,-7.13089690666965
0.0572,2.61,-7.05987497440824
0.0572,2.613,-6.99000965713401
0.0572,2.616,-6.92127740956366
0.0572,2.619,-6.85365519558172
0.0572,2.622,-6.78712048183087
0.0572,2.625,-6.72165123068128
0.0572,2.628,-6.65722589268556
0.0572,2.631,-6.59382339861243
0.0572,2.634,-6.53142315114138
0.0572,2.637,-6.47000501628994
0.0572,2.64,-6.40954931463664
0.0572,2.643,-6.35003681239465
0.0572,2.646,-6.29144871238401
0.0572,2.649,-6.23376664494442
0.0572,2.652,-6.17697265882473
0.0572,2.655,-6.12104921208081
0.0572,2.658,-6.06597916300865
0.0572,2.661,-6.01174576113649
0.0572,2.664,-5.95833263829562
0.0572,2.667,-5.9057237997872
0.0572,2.67,-5.85390361565932
0.0572,2.673,-5.80285681210666
0.0572,2.676,-5.75256846300269
0.0572,2.679,-5.70302398157287
0.0572,2.682,-5.65420911221548
0.0572,2.685,-5.60610992247551
0.0572,2.688,-5.55871279517579
0.0572,2.691,-5.51200442070838
0.0572,2.694,-5.46597178948833
0.0572,2.697,-5.42060218457137
0.0572,2.7,-5.37588317443589
0.0572,2.703,-5.33180260592944
0.0572,2.706,-5.28834859737917
0.0572,2.709,-5.24550953186519
0.0572,2.712,-5.20327405065558
0.0572,2.715,-5.16163104680128
0.0572,2.718,-5.12056965888903
0.0572,2.721,-5.08007926494982
0.0572,2.724,-5.04014947652084
0.0572,2.727,-5.00077013285793
0.0572,2.73,-4.96193129529621
0.0572,2.733,-4.9236232417557
0.0572,2.736,-4.88583646138919
0.0572,2.739,-4.84856164936942
0.0572,2.742,-4.81178970181244
0.0572,2.745,-4.77551171083406
0.0572,2.748,-4.73971895973655
0.0572,2.751,-4.70440291832222
0.0572,2.754,-4.66955523833103
0.0572,2.757,-4.63516774899906
0.0572,2.76,-4.60123245273494
0.0572,2.763,-4.56774152091102
0.0572,2.766,-4.53468728976669
0.0572,2.769,-4.50206225642047
0.0572,2.772,-4.46985907498847
0.0572,2.775,-4.43807055280605
0.0572,2.778,-4.40668964675007
0.0572,2.781,-4.37570945965902
0.0572,2.784,-4.34512323684829
0.0572,2.787,-4.31492436271809
0.0572,2.79,-4.28510635745136
0.0572,2.793,-4.25566287379929
0.0572,2.796,-4.22658769395196
0.0572,2.799,-4.19787472649171
0.0572,2.802,-4.16951800342708
0.0572,2.805,-4.14151167730485
0.0572,2.808,-4.11385001839817
0.0572,2.811,-4.08652741196858
0.0572,2.814,-4.05953835559982
0.0572,2.817,-4.03287745660146
0.0572,2.82,-4.00653942948035
0.0572,2.823,-3.98051909347797
0.0572,2.826,-3.95481137017189
0.0572,2.829,-3.92941128113946
0.0572,2.832,-3.90431394568195
0.0572,2.835,-3.8795145786076
0.0572,2.838,-3.85500848807171
0.0572,2.841,-3.83079107347228
0.0572,2.844,-3.80685782339969
0.0572,2.847,-3.78320431363869
0.0572,2.85,-3.75982620522155
0.0572,2.853,-3.73671924253058
0.0572,2.856,-3.71387925144895
0.0572,2.859,-3.69130213755824
0.0572,2.862,-3.6689838843815
0.0572,2.865,-3.6469205516706
0.0572,2.868,-3.62510827373653
0.0572,2.871,-3.6035432578215
0.0572,2.874,-3.58222178251173
0.0572,2.877,-3.56114019618969
0.0572,2.88,-3.54029491552487
0.0572,2.883,-3.51968242400176
0.0572,2.886,-3.49929927048434
0.0572,2.889,-3.47914206781571
0.0572,2.892,-3.45920749145226
0.0572,2.895,-3.43949227813113
0.0572,2.898,-3.41999322457024
0.0572,2.901,-3.40070718619991
0.0572,2.904,-3.38163107592525
0.0572,2.907,-3.36276186291845
0.0572,2.91,-3.34409657144022
0.0572,2.913,-3.32563227968943
0.0572,2.916,-3.30736611868053
0.0572,2.919,-3.28929527114748
0.0572,2.922,-3.27141697047404
0.0572,2.925,-3.25372849964928
0.0572,2.928,-3.23622719024784
0.0572,2.931,-3.21891042143427
0.0572,2.934,-3.20177561899074
0.0572,2.937,-3.1848202543675
0.0572,2.94,-3.1680418437556
0.0572,2.943,-3.15143794718111
0.0572,2.946,-3.13500616762039
0.0572,2.949,-3.11874415013584
0.0572,2.952,-3.10264958103152
0.0572,2.955,-3.08672018702821
0.0572,2.958,-3.07095373445733
0.0572,2.961,-3.05534802847327
0.0572,2.964,-3.03990091228358
0.0572,2.967,-3.0246102663967
0.0572,2.97,-3.00947400788657
0.0572,2.973,-2.99449008967386
0.0572,2.976,-2.97965649982323
0.0572,2.979,-2.96497126085646
0.0572,2.982,-2.95043242908062
0.0572,2.985,-2.9360380939314
0.0572,2.988,-2.92178637733074
0.0572,2.991,-2.90767543305875
0.0572,2.994,-2.89370344613929
0.0572,2.997,-2.87986863223908
0.0572,3,-2.8661692370798
0.0625,1.8,-1.83800003723766
0.0625,1.803,-1.86882684109066
0.0625,1.806,-1.90023422208177
0.0625,1.809,-1.93223403991524
0.0625,1.812,-1.96483840258964
0.0625,1.815,-1.99805967130033
0.0625,1.818,-2.03191046542322
0.0625,1.821,-2.06640366758085
0.0625,1.824,-2.1015524287922
0.0625,1.827,-2.13737017370748
0.0625,1.83,-2.1738706059291
0.0625,1.833,-2.21106771342055
0.0625,1.836,-2.24897577400438
0.0625,1.839,-2.28760936095121
0.0625,1.842,-2.32698334866108
0.0625,1.845,-2.36711291843921
0.0625,1.848,-2.40801356436785
0.0625,1.851,-2.44970109927621
0.0625,1.854,-2.49219166081055
0.0625,1.857,-2.53550171760645
0.0625,1.86,-2.57964807556566
0.0625,1.863,-2.62464788423964
0.0625,1.866,-2.67051864332243
0.0625,1.869,-2.71727820925501
0.0625,1.872,-2.76494480194403
0.0625,1.875,-2.81353701159717
0.0625,1.878,-2.86307380567802
0.0625,1.881,-2.9135745359828
0.0625,1.884,-2.96505894584178
0.0625,1.887,-3.01754717744761
0.0625,1.89,-3.07105977931323
0.0625,1.893,-3.12561771386132
0.0625,1.896,-3.18124236514738
0.0625,1.899,-3.23795554671795
0.0625,1.902,-3.29577950960541
0.0625,1.905,-3.35473695045962
0.0625,1.908,-3.41485101981679
0.0625,1.911,-3.47614533050435
0.0625,1.914,-3.53864396618027
0.0625,1.917,-3.60237149000339
0.0625,1.92,-3.66735295343042
0.0625,1.923,-3.73361390513299
0.0625,1.926,-3.80118040002645
0.0625,1.929,-3.87007900839924
0.0625,1.932,-3.94033682512898
0.0625,1.935,-4.01198147896774
0.0625,1.938,-4.08504114187522
0.0625,1.941,-4.15954453837321
0.0625,1.944,-4.23552095488998
0.0625,1.947,-4.31300024905595
0.0625,1.95,-4.39201285890535
0.0625,1.953,-4.47258981192895
0.0625,1.956,-4.55476273391393
0.0625,1.959,-4.6385638574944
0.0625,1.962,-4.72402603032313
0.0625,1.965,-4.8111827227596
0.0625,1.968,-4.90006803495121
0.0625,1.971,-4.99071670316412
0.0625,1.974,-5.08316410519647
0.0625,1.977,-5.17744626467921
0.0625,1.98,-5.27359985403835
0.0625,1.983,-5.37166219585632
0.0625,1.986,-5.47167126232831
0.0625,1.989,-5.57366567246174
0.0625,1.992,-5.67768468661188
0.0625,1.995,-5.78376819788326
0.0625,1.998,-5.89195671985408
0.0625,2.001,-6.00229136999699
0.0625,2.004,-6.11481384807365
0.0625,2.007,-6.22956640867031
0.0625,2.01,-6.3465918269146
0.0625,2.013,-6.4659333562685
0.0625,2.016,-6.58763467712471
0.0625,2.019,-6.711739834742
0.0625,2.022,-6.83829316483421
0.0625,2.025,-6.96733920487459
0.0625,2.028,-7.0989225888864
0.0625,2.031,-7.23308792315786
0.0625,2.034,-7.36987963993701
0.0625,2.037,-7.50934182572535
0.0625,2.04,-7.6515180202882
0.0625,2.043,-7.79645098192796
0.0625,2.046,-7.94418241391422
0.0625,2.049,-8.09475264622142
0.0625,2.052,-8.24820026588096
0.0625,2.055,-8.40456168829787
0.0625,2.058,-8.56387066080283
0.0625,2.061,-8.72615768849636
0.0625,2.064,-8.89144937108485
0.0625,2.067,-9.05976763789947
0.0625,2.07,-9.23112886662826
0.0625,2.073,-9.40554286947848
0.0625,2.076,-9.58301172853711
0.0625,2.079,-9.76352846003493
0.0625,2.082,-9.94707548509316
0.0625,2.085,-10.1336228824089
0.0625,2.088,-10.3231263963299
0.0625,2.091,-10.5155251720317
0.0625,2.094,-10.7107391882665
0.0625,2.097,-10.9086663576991
0.0625,2.1,-11.1091792655936
0.0625,2.103,-11.3121215200919
0.0625,2.106,-11.517303692233
0.0625,2.109,-11.7244988320544
0.0625,2.112,-11.9334375596914
0.0625,2.115,-12.1438027486012
0.0625,2.118,-12.3552238433794
0.0625,2.121,-12.5672708887012
0.0625,2.124,-12.7794483903107
0.0625,2.127,-12.991189185106
0.0625,2.13,-13.2018485660432
0.0625,2.133,-13.4106989885926
0.0625,2.136,-13.6169257768394
0.0625,2.139,-13.8196243444832
0.0625,2.142,-14.0177995408817
0.0625,2.145,-14.210367812493
0.0625,2.148,-14.3961629183521
0.0625,2.151,-14.5739459328239
0.0625,2.154,-14.7424201852372
0.0625,2.157,-14.9002516001732
0.0625,2.16,-15.0460945964655
0.0625,2.163,-15.1786232732177
0.0625,2.166,-15.2965670747136
0.0625,2.169,-15.3987495279015
0.0625,2.172,-15.4841280600752
0.0625,2.175,-15.5518324267535
0.0625,2.178,-15.6011990136622
0.0625,2.181,-15.6317983087048
0.0625,2.184,-15.6434532144676
0.0625,2.187,-15.6362465723586
0.0625,2.19,-15.6105172124319
0.0625,2.193,-15.5668448912536
0.0625,2.196,-15.5060254725771
0.0625,2.199,-15.4290384937814
0.0625,2.202,-15.337009742479
0.0625,2.205,-15.2311716045265
0.0625,2.208,-15.1128237638776
0.0625,2.211,-14.9832964123599
0.0625,2.214,-14.8439175642175
0.0625,2.217,-14.6959854666592
0.0625,2.22,-14.5407465357049
0.0625,2.223,-14.3793787804875
0.0625,2.226,-14.2129803342919
0.0625,2.229,-14.0425624887582
0.0625,2.232,-13.8690465145252
0.0625,2.235,-13.693263524455
0.0625,2.238,-13.5159566696129
0.0625,2.241,-13.3377850304917
0.0625,2.244,-13.1593286578355
0.0625,2.247,-12.9810943149239
0.0625,2.25,-12.803521566989
0.0625,2.253,-12.626988947997
0.0625,2.256,-12.4518200076462
0.0625,2.259,-12.2782891014282
0.0625,2.262,-12.1066268345291
0.0625,2.265,-11.9370251074655
0.0625,2.268,-11.7696417392455
0.0625,2.271,-11.6046046641201
0.0625,2.274,-11.4420157121739
0.0625,2.277,-11.2819539934492
0.0625,2.28,-11.1244789111243
0.0625,2.283,-10.9696328324254
0.0625,2.286,-10.8174434471781
0.0625,2.289,-10.6679258437746
0.0625,2.292,-10.5210843313061
0.0625,2.295,-10.3769140349946
0.0625,2.298,-10.2354022901238
0.0625,2.301,-10.0965298575663
0.0625,2.304,-9.96027198187417
0.0625,2.307,-9.82659931080905
0.0625,2.31,-9.69547869320562
0.0625,2.313,-9.5668738702012
0.0625,2.316,-9.44074607315923
0.0625,2.319,-9.31705454005773
0.0625,2.322,-9.19575696071145
0.0625,2.325,-9.07680985993913
0.0625,2.328,-8.96016892666798
0.0625,2.331,-8.84578929597395
0.0625,2.334,-8.73362579017915
0.0625,2.337,-8.62363312435482
0.0625,2.34,-8.51576608089866
0.0625,2.343,-8.4099796572604
0.0625,2.346,-8.30622919036675
0.0625,2.349,-8.20447046084195
0.0625,2.352,-8.10465977972065
0.0625,2.355,-8.00675406000291
0.0625,2.358,-7.91071087509708
0.0625,2.361,-7.81648850593234
0.0625,2.364,-7.72404597829165
0.0625,2.367,-7.63334309171553
0.0625,2.37,-7.54434044115142
0.0625,2.373,-7.45699943237154
0.0625,2.376,-7.3712822920487
0.0625,2.379,-7.28715207326434
0.0625,2.382,-7.20457265712179
0.0625,2.385,-7.12350875105013
0.0625,2.388,-7.04392588430723
0.0625,2.391,-6.9657904011241
0.0625,2.394,-6.88906945187416
0.0625,2.397,-6.81373098260045
0.0625,2.4,-6.73974372318961
0.0625,2.403,-6.66707717444274
0.0625,2.406,-6.59570159425974
0.0625,2.409,-6.52558798312417
0.0625,2.412,-6.45670806905044
0.0625,2.415,-6.38903429213221
0.0625,2.418,-6.32253978881221
0.0625,2.421,-6.25719837597569
0.0625,2.424,-6.19298453495605
0.0625,2.427,-6.12987339552721
0.0625,2.43,-6.06784071994677
0.0625,2.433,-6.00686288710389
0.0625,2.436,-5.94691687681726
0.0625,2.439,-5.88798025432127
0.0625,2.442,-5.83003115497192
0.0625,2.445,-5.77304826919832
0.0625,2.448,-5.71701082772105
0.0625,2.451,-5.66189858705397
0.0625,2.454,-5.60769181530296
0.0625,2.457,-5.55437127827131
0.0625,2.46,-5.50191822587939
0.0625,2.463,-5.45031437890326
0.0625,2.466,-5.3995419160354
0.0625,2.469,-5.34958346126852
0.0625,2.472,-5.30042207160257
0.0625,2.475,-5.25204122507294
0.0625,2.478,-5.20442480909775
0.0625,2.481,-5.15755710914046
0.0625,2.484,-5.11142279768376
0.0625,2.487,-5.06600692350983
0.0625,2.49,-5.02129490128168
0.0625,2.493,-4.97727250141993
0.0625,2.496,-4.93392584026879
0.0625,2.499,-4.89124137054509
0.0625,2.502,-4.84920587206389
0.0625,2.505,-4.80780644273391
0.0625,2.508,-4.76703048981623
0.0625,2.511,-4.72686572143938
0.0625,2.514,-4.68730013836417
0.0625,2.517,-4.64832202599151
0.0625,2.52,-4.60991994660633
0.0625,2.523,-4.57208273185133
0.0625,2.526,-4.53479947542365
0.0625,2.529,-4.49805952598826
0.0625,2.532,-4.46185248030155
0.0625,2.535,-4.42616817653903
0.0625,2.538,-4.39099668782098
0.0625,2.541,-4.35632831593007
0.0625,2.544,-4.32215358521516
0.0625,2.547,-4.28846323667561
0.0625,2.55,-4.25524822222047
0.0625,2.553,-4.22249969909726
0.0625,2.556,-4.19020902448506
0.0625,2.559,-4.15836775024671
0.0625,2.562,-4.12696761783534
0.0625,2.565,-4.0960005533502
0.0625,2.568,-4.06545866273733
0.0625,2.571,-4.03533422713032
0.0625,2.574,-4.00561969832699
0.0625,2.577,-3.97630769439747
0.0625,2.58,-3.94739099541978
0.0625,2.583,-3.91886253933879
0.0625,2.586,-3.89071541794468
0.0625,2.589,-3.8629428729672
0.0625,2.592,-3.83553829228206
0.0625,2.595,-3.80849520622589
0.0625,2.598,-3.78180728401657
0.0625,2.601,-3.7554683302753
0.0625,2.604,-3.72947228164754
0.0625,2.607,-3.70381320351958
0.0625,2.61,-3.67848528682783
0.0625,2.613,-3.65348284495782
0.0625,2.616,-3.62880031073031
0.0625,2.619,-3.6044322334717
0.0625,2.622,-3.58037327616611
0.0625,2.625,-3.55661821268673
0.0625,2.628,-3.53316192510383
0.0625,2.631,-3.50999940106729
0.0625,2.634,-3.48712573126115
0.0625,2.637,-3.46453610692812
0.0625,2.64,-3.4422258174619
0.0625,2.643,-3.42019024806518
0.0625,2.646,-3.39842487747141
0.0625,2.649,-3.37692527572833
0.0625,2.652,-3.35568710204153
0.0625,2.655,-3.33470610267602
0.0625,2.658,-3.31397810891436
0.0625,2.661,-3.29349903506929
0.0625,2.664,-3.27326487654966
0.0625,2.667,-3.25327170797769
0.0625,2.67,-3.23351568135624
0.0625,2.673,-3.21399302428466
0.0625,2.676,-3.19470003822155
0.0625,2.679,-3.17563309679334
0.0625,2.682,-3.15678864414712
0.0625,2.685,-3.13816319334656
0.0625,2.688,-3.11975332480956
0.0625,2.691,-3.1015556847866
0.0625,2.694,-3.0835669838783
0.0625,2.697,-3.0657839955914
0.0625,2.7,-3.04820355493187
0.0625,2.703,-3.03082255703404
0.0625,2.706,-3.01363795582483
0.0625,2.709,-2.99664676272209
0.0625,2.712,-2.97984604536596
0.0625,2.715,-2.9632329263824
0.0625,2.718,-2.94680458217799
0.0625,2.721,-2.93055824176503
0.0625,2.724,-2.91449118561621
0.0625,2.727,-2.89860074454795
0.0625,2.73,-2.88288429863157
0.0625,2.733,-2.86733927613163
0.0625,2.736,-2.85196315247057
0.0625,2.739,-2.83675344921897
0.0625,2.742,-2.82170773311081
0.0625,2.745,-2.80682361508279
0.0625,2.748,-2.79209874933738
0.0625,2.751,-2.77753083242869
0.0625,2.754,-2.76311760237069
0.0625,2.757,-2.74885683776703
0.0625,2.76,-2.73474635696207
0.0625,2.763,-2.72078401721237
0.0625,2.766,-2.70696771387815
0.0625,2.769,-2.69329537963422
0.0625,2.772,-2.67976498369981
0.0625,2.775,-2.66637453108684
0.0625,2.778,-2.65312206186603
0.0625,2.781,-2.64000565045057
0.0625,2.784,-2.6270234048967
0.0625,2.787,-2.61417346622082
0.0625,2.79,-2.60145400773275
0.0625,2.793,-2.58886323438463
0.0625,2.796,-2.57639938213509
0.0625,2.799,-2.56406071732832
0.0625,2.802,-2.55184553608753
0.0625,2.805,-2.53975216372269
0.0625,2.808,-2.52777895415182
0.0625,2.811,-2.51592428933577
0.0625,2.814,-2.50418657872607
0.0625,2.817,-2.49256425872537
0.0625,2.82,-2.4810557921604
0.0625,2.823,-2.46965966776691
0.0625,2.826,-2.45837439968636
0.0625,2.829,-2.44719852697417
0.0625,2.832,-2.43613061311903
0.0625,2.835,-2.42516924557317
0.0625,2.838,-2.41431303529321
0.0625,2.841,-2.40356061629141
0.0625,2.844,-2.39291064519692
0.0625,2.847,-2.382361800827
0.0625,2.85,-2.3719127837677
0.0625,2.853,-2.36156231596398
0.0625,2.856,-2.35130914031896
0.0625,2.859,-2.34115202030201
0.0625,2.862,-2.33108973956559
0.0625,2.865,-2.3211211015705
0.0625,2.868,-2.31124492921942
0.0625,2.871,-2.30146006449854
0.0625,2.874,-2.29176536812697
0.0625,2.877,-2.28215971921391
0.0625,2.88,-2.27264201492326
0.0625,2.883,-2.26321117014551
0.0625,2.886,-2.25386611717686
0.0625,2.889,-2.24460580540516
0.0625,2.892,-2.23542920100277
0.0625,2.895,-2.22633528662595
0.0625,2.898,-2.21732306112076
0.0625,2.901,-2.20839153923533
0.0625,2.904,-2.19953975133817
0.0625,2.907,-2.1907667431426
0.0625,2.91,-2.18207157543706
0.0625,2.913,-2.17345332382107
0.0625,2.916,-2.16491107844689
0.0625,2.919,-2.1564439437666
0.0625,2.922,-2.14805103828455
0.0625,2.925,-2.13973149431497
0.0625,2.928,-2.13148445774478
0.0625,2.931,-2.12330908780127
0.0625,2.934,-2.11520455682469
0.0625,2.937,-2.10717005004563
0.0625,2.94,-2.09920476536692
0.0625,2.943,-2.09130791315024
0.0625,2.946,-2.08347871600694
0.0625,2.949,-2.07571640859337
0.0625,2.952,-2.06802023741033
0.0625,2.955,-2.06038946060669
0.0625,2.958,-2.052823347787
0.0625,2.961,-2.04532117982312
0.0625,2.964,-2.03788224866959
0.0625,2.967,-2.03050585718287
0.0625,2.97,-2.02319131894416
0.0625,2.973,-2.01593795808586
0.0625,2.976,-2.00874510912156
0.0625,2.979,-2.00161211677942
0.0625,2.982,-1.99453833583886
0.0625,2.985,-1.98752313097067
0.0625,2.988,-1.98056587658012
0.0625,2.991,-1.97366595665336
0.0625,2.994,-1.96682276460682
0.0625,2.997,-1.96003570313953
0.0625,3,-1.95330418408845
