"Freq [GHz]","re(Z(1,1)) []","im(Z(1,1)) []"
1.8,36.1149207117944,-116.261029272481
1.803,36.2921376261809,-115.36957528443
1.806,36.4702904780214,-114.479011646683
1.809,36.6493840432239,-113.58932869638
1.812,36.8294231299257,-112.700516824825
1.815,37.0104125786853,-111.812566477122
1.818,37.1923572626776,-110.925468151839
1.821,37.3752620878889,-110.039212400659
1.824,37.5591319933149,-109.153789828051
1.827,37.7439719511597,-108.269191090936
1.83,37.9297869670373,-107.385406898366
1.833,38.1165820801735,-106.5024280112
1.836,38.3043623636111,-105.620245241798
1.839,38.4931329244156,-104.738849453703
1.842,38.6828989038834,-103.858231561348
1.845,38.8736654777515,-102.978382529749
1.848,39.0654378564087,-102.09929337422
1.851,39.2582212851093,-101.220955160079
1.854,39.4520210441876,-100.343359002372
1.857,39.6468424492756,-99.4664960655926
1.86,39.8426908515206,-98.5903575634094
1.863,40.0395716378066,-97.7149347584019
1.866,40.2374902309764,-96.8402189617972
1.869,40.4364520900556,-95.9662015332143
1.872,40.6364627104787,-95.0928738804121
1.875,40.8375276243172,-94.2202274590432
1.878,41.0396524005094,-93.3482537724127
1.881,41.2428426450919,-92.4769443712417
1.884,41.4471040014335,-91.6062908534358
1.887,41.6524421504703,-90.7362848638592
1.89,41.8588628109436,-89.8669180941129
1.893,42.0663717396392,-88.9981822823183
1.896,42.2749747316285,-88.1300692129056
1.899,42.4846776205121,-87.2625707164079
1.902,42.695486278665,-86.3956786692585
1.905,42.9074066174837,-85.5293849935949
1.908,43.120444587636,-84.6636816570667
1.911,43.3346061793116,-83.7985606726486
1.914,43.5498974224761,-82.9340140984585
1.917,43.7663243871261,-82.07003403758
1.92,43.9838931835462,-81.2066126378901
1.923,44.2026099625695,-80.343742091892
1.926,44.4224809158381,-79.4814146365521
1.929,44.6435122760676,-78.6196225531424
1.932,44.8657103173124,-77.7583581670874
1.935,45.0890813552337,-76.8976138478163
1.938,45.3136317473697,-76.0373820086191
1.941,45.5393678934076,-75.177655106509
1.944,45.7662962354582,-74.3184256420879
1.947,45.9944232583319,-73.4596861594186
1.95,46.223755489818,-72.6014292458999
1.953,46.4542995009655,-71.7436475321482
1.956,46.686061906366,-70.886333691883
1.959,46.9190493644391,-70.0294804418172
1.962,47.1532685777204,-69.1730805415534
1.965,47.3887262931509,-68.3171267934831
1.968,47.6254293023697,-67.4616120426924
1.971,47.8633844420079,-66.6065291768721
1.974,48.1025985939858,-65.7518711262325
1.977,48.3430786858118,-64.8976308634228
1.98,48.584831690884,-64.0438014034561
1.983,48.8278646287938,-63.1903758036389
1.986,49.0721845656322,-62.3373471635052
1.989,49.3177986142983,-61.4847086247565
1.992,49.5647139348104,-60.6324533712051
1.995,49.8129377346192,-59.7805746287242
1.998,50.0624772689236,-58.9290656652017
2.001,50.3133398409892,-58.0779197904991
2.004,50.5655328024688,-57.227130356416
2.007,50.8190635537256,-56.3766907566588
2.01,51.0739395441592,-55.5265944268154
2.013,51.3301682725337,-54.6768348443334
2.016,51.5877572873082,-53.8274055285052
2.019,51.8467141869706,-52.9783000404567
2.022,52.1070466203732,-52.1295119831418
2.025,52.368762287071,-51.2810350013419
2.028,52.6318689376633,-50.4328627816702
2.031,52.896374374137,-49.5849890525816
2.034,53.1622864502132,-48.7374075843876
2.037,53.4296130716958,-47.8901121892764
2.04,53.6983621968237,-47.0430967213381
2.043,53.9685418366247,-46.1963550765951
2.046,54.240160055273,-45.3498811930381
2.049,54.5132249704483,-44.5036690506674
2.052,54.7877447536993,-43.6577126715389
2.055,55.0637276308083,-42.8120061198163
2.058,55.3411818821595,-41.9665435018277
2.061,55.62011584311,-41.1213189661294
2.064,55.9005379043631,-40.2763267035723
2.067,56.1824565123457,-39.431560947377
2.07,56.4658801695866,-38.5870159732116
2.073,56.7508174350995,-37.7426860992776
2.076,57.0372769247683,-36.8985656863988
2.079,57.3252673117346,-36.054649138118
2.082,57.614797326789,-35.2109309007982
2.085,57.9058757587653,-34.3674054637299
2.088,58.1985114549371,-33.5240673592438
2.091,58.4927133214179,-32.68091116283
2.094,58.7884903235639,-31.837931493262
2.097,59.0858514863802,-30.9951230127277
2.1,59.3848058949298,-30.1524804269651
2.103,59.6853626947455,-29.3099984854052
2.106,59.987531092245,-28.46767198132
2.109,60.2913203551497,-27.6254957519767
2.112,60.5967398129057,-26.7834646787989
2.115,60.9037988571082,-25.9415736875323
2.118,61.2125069419298,-25.099817748418
2.121,61.522873584551,-24.2581918763715
2.124,61.8349083655945,-23.416691131168
2.127,62.1486209295625,-22.5753106176347
2.13,62.4640209852772,-21.7340454858479
2.133,62.7811183063251,-20.8928909313384
2.136,63.0999227315037,-20.0518421953029
2.139,63.4204441652721,-19.2108945648211
2.142,63.7426925782051,-18.3700433730803
2.145,64.06667800745,-17.5292839996069
2.148,64.3924105571873,-16.6886118705041
2.151,64.7199003990948,-15.8480224586964
2.154,65.0491577728147,-15.0075112841817
2.157,65.3801929864243,-14.1670739142898
2.16,65.7130164169107,-13.3267059639481
2.163,66.0476385106479,-12.4864030959543
2.166,66.3840697838786,-11.6461610212564
2.169,66.7223208231985,-10.8059754992402
2.172,67.0624022860446,-9.96584233802382
2.175,67.4043249011874,-9.12575739475942
2.178,67.7480994692258,-8.28571657594301
2.181,68.0937368630864,-7.44571583773151
2.184,68.4412480285259,-6.60575118626722
2.187,68.7906439846378,-5.76581867801057
2.19,69.1419358243617,-4.9259144200801
2.193,69.4951347149971,-4.08603457060074
2.196,69.8502518987212,-3.24617533905997
2.199,70.2072986931092,-2.40633298667206
2.202,70.5662864916593,-1.56650382675032
2.205,70.9272267643214,-0.726684225087742
2.208,71.2901310580294,0.113129399653841
2.211,71.6550109972367,0.952940575546406
2.214,72.0218782844569,1.79275277698981
2.217,72.3907447008073,2.63256942429736
2.22,72.7616221065561,3.47239388327196
2.223,73.1345224416745,4.31222946477439
2.226,73.5094577263916,5.15207942428179
2.229,73.886440061754,5.99194696143783
2.232,74.265481630189,6.83183521959302
2.235,74.6465946960714,7.67174728533604
2.238,75.0297916062953,8.51168618801588
2.241,75.4150847908486,9.35165489925433
2.244,75.8024867633927,10.1916563324485
2.247,76.1920101218453,11.0316933422642
2.25,76.5836675489676,11.8717687241191
2.253,76.977471812956,12.7118852136557
2.256,77.3734357680368,13.552045486205
2.259,77.7715723550661,14.3922521562389
2.262,78.171894602133,15.2325077768129
2.265,78.5744156251678,16.0728148389982
2.268,78.9791486285533,16.913175771303
2.271,79.3861069057405,17.7535929390831
2.274,79.7953038398695,18.5940686439413
2.277,80.2067529043933,19.434605123117
2.28,80.6204676637061,20.2752045488624
2.283,81.0364617737764,21.1158690278094
2.286,81.4547489827836,21.9566006003239
2.289,81.8753431317593,22.7974012398488
2.292,82.2982581552325,23.6382728522351
2.295,82.7235080818796,24.479217275061
2.298,83.1511070351775,25.3202362769392
2.301,83.5810692340627,26.1613315568111
2.304,84.0134089935929,27.0025047432298
2.307,84.4481407256145,27.8437573936291
2.31,84.8852789394327,28.6850909935807
2.313,85.3248382424875,29.5265069560377
2.316,85.7668333410332,30.368006620566
2.319,86.2112790408222,31.2095912525611
2.322,86.6581902477932,32.051262042452
2.325,87.1075819687639,32.8930201048913
2.328,87.5594693121278,33.734866477932
2.331,88.0138674885553,34.5768021221885
2.334,88.4707918116998,35.4188279199857
2.337,88.9302576989064,36.2609446744911
2.34,89.3922806719276,37.1031531088343
2.343,89.8568763576404,37.9454538652103
2.346,90.3240604887699,38.7878475039682
2.349,90.7938489046162,39.6303345026836
2.352,91.2662575517857,40.4729152552177
2.355,91.7413024849271,41.3155900707579
2.358,92.2189998674711,42.1583591728439
2.361,92.6993659723748,43.0012226983772
2.364,93.1824171828703,43.8441806966147
2.367,93.6681699932174,44.6872331281439
2.37,94.1566410094604,45.5303798638432
2.373,94.6478469501899,46.3736206838231
2.376,95.1418046473075,47.2169552763517
2.379,95.638531046796,48.0603832367608
2.382,96.138043209493,48.9039040663349
2.385,96.6403583118686,49.7475171711818
2.388,97.1454936468075,50.5912218610848
2.391,97.6534666243954,51.435017348335
2.394,98.1642947727084,52.2789027465467
2.397,98.6779957386078,53.1228770694505
2.4,99.1945872885382,53.9669392296696
2.403,99.7140873093291,54.8110880374738
2.406,100.236513809001,55.6553221995144
2.409,100.761884917576,56.4996403175389
2.412,101.29021888789,57.3440408870829
2.415,101.821534096412,58.1885222961436
2.418,102.355849044063,59.033082823828
2.421,102.893182357043,59.8777206389838
2.424,103.433552787657,60.7224337988039
2.427,103.97697921515,61.5672202474107
2.43,104.523480646541,62.4120778144171
2.433,105.07307621746,63.2570042134634
2.436,105.625785192993,64.1019970407318
2.439,106.181626968528,64.9470537734358
2.442,106.740621070601,65.7921717682859
2.445,107.302787157747,66.6373482599305
2.448,107.868145021362,67.4825803593717
2.451,108.436714586553,68.3278650523549
2.454,109.008515913002,69.1731991977334
2.457,109.58356919583,70.0185795258066
2.46,110.161894766461,70.8640026366304
2.463,110.743513093495,71.7094649983019
2.466,111.328444783575,72.5549629452154
2.469,111.916710582261,73.4004926762912
2.472,112.50833137491,74.2460502531751
2.475,113.103328187547,75.0916315984101
2.478,113.701722187751,75.9372324935774
2.481,114.303534685534,76.7828485774088
2.484,114.908787134224,77.6284753438677
2.487,115.517501131352,78.4741081402006
2.49,116.129698419534,79.3197421649565
2.493,116.745400887364,80.1653724659733
2.496,117.364630570299,81.0109939383357
2.499,117.987409651548,81.8566013222956
2.502,118.613760462965,82.7021892011632
2.505,119.243705485939,83.5477519991612
2.508,119.877267352281,84.3932839792472
2.511,120.514468845121,85.2387792408987
2.514,121.155332899794,86.0842317178651
2.517,121.799882604735,86.9296351758809
2.52,122.448141202365,87.7749832103452
2.523,123.100132089984,88.6202692439621
2.526,123.755878820655,89.4654865243433
2.529,124.415405104096,90.3106281215726
2.532,125.078734807562,91.1556869257327
2.535,125.74589195673,92.0006556443892
2.538,126.41690073658,92.8455268000382
2.541,127.091785492275,93.6902927275089
2.544,127.770570730035,94.5349455713283
2.547,128.453281118013,95.3794772830411
2.55,129.139941487165,96.2238796184875
2.553,129.830576832115,97.0681441350377
2.556,130.525212312017,97.9122621887815
2.559,131.223873251414,98.7562249316729
2.562,131.92658514109,99.6000233086289
2.565,132.633373638919,100.443648054583
2.568,133.344264570705,101.287089691488
2.571,134.059283931021,102.130338525276
2.574,134.778457884038,102.973384642765
2.577,135.501812764344,103.816217908517
2.58,136.229375077767,104.658827961649
2.583,136.961171502174,105.501204212589
2.586,137.697228888276,106.343335839777
2.589,138.437574260416,107.185211786326
2.592,139.18223481735,108.026820756612
2.595,139.931237933019,108.868151212824
2.598,140.684611157305,109.70919137145
2.601,141.442382216788,110.549929199711
2.604,142.204579015475,111.390352411935
2.607,142.97122963553,112.230448465874
2.61,143.742362337984,113.070204558963
2.613,144.518005563434,113.90960762452
2.616,145.298187932727,114.74864432788
2.619,146.082938247624,115.587301062472
2.622,146.872285491462,116.425563945833
2.625,147.666258829779,117.263418815555
2.628,148.464887610942,118.10085122517
2.631,149.26820136674,118.937846439967
2.634,150.076229812968,119.774389432746
2.637,150.889002849989,120.6104648795
2.64,151.706550563273,121.446057155028
2.643,152.528903223914,122.281150328484
2.646,153.356091289125,123.115728158844
2.649,154.188145402713,123.949774090314
2.652,155.025096395521,124.783271247654
2.655,155.866975285852,125.61620243143
2.658,156.71381327986,126.448550113198
2.661,157.565641771917,127.280296430599
2.664,158.422492344949,128.111423182387
2.667,159.284396770739,128.941911823368
2.67,160.151387010205,129.771743459271
2.673,161.023495213636,130.600898841524
2.676,161.900753720901,131.42935836196
2.679,162.783195061619,132.257102047428
2.682,163.67085195529,133.084109554326
2.685,164.563757311392,133.910360163048
2.688,165.461944229436,134.735832772337
2.691,166.365445998976,135.560505893556
2.694,167.274296099577,136.384357644863
2.697,168.188528200746,137.207365745302
2.7,169.108176161805,138.029507508793
2.703,170.03327403172,138.850759838032
2.706,170.963856048883,139.671099218298
2.709,171.899956640837,140.490501711155
2.712,172.841610423953,141.308942948067
2.715,173.788852203044,142.126398123905
2.718,174.741716970925,142.942841990357
2.721,175.700239907914,143.758248849232
2.724,176.66445638127,144.572592545668
2.727,177.634401944565,145.385846461229
2.73,178.610112336992,146.197983506893
2.733,179.591623482598,147.008976115943
2.736,180.578971489459,147.818796236738
2.739,181.572192648765,148.627415325377
2.742,182.571323433836,149.434804338258
2.745,183.576400499064,150.240933724509
2.748,184.587460678765,151.045773418323
2.751,185.60454098595,151.849292831159
2.754,186.627678611006,152.651460843837
2.757,187.656910920294,153.452245798511
2.76,188.692275454643,154.251615490522
2.763,189.733809927755,155.049537160129
2.766,190.781552224508,155.845977484114
2.769,191.835540399159,156.640902567271
2.772,192.895812673431,157.434277933763
2.775,193.962407434502,158.226068518351
2.778,195.035363232874,159.016238657497
2.781,196.114718780124,159.804752080344
2.784,197.200512946538,160.591571899551
2.787,198.292784758619,161.376660602007
2.79,199.391573396459,162.159980039409
2.793,200.49691819099,162.941491418705
2.796,201.608858621092,163.721155292399
2.799,202.727434310553,164.498931548724
2.802,203.852685024897,165.274779401675
2.805,204.984650668046,166.048657380898
2.808,206.123371278838,166.820523321447
2.811,207.268887027382,167.590334353395
2.814,208.421238211242,168.358046891307
2.817,209.58046525146,169.123616623563
2.82,210.746608688396,169.886998501542
2.823,211.919709177392,170.648146728664
2.826,213.099807484249,171.407014749282
2.829,214.286944480505,172.163555237429
2.832,215.481161138529,172.917720085418
2.835,216.682498526398,173.669460392298
2.838,217.890997802572,174.41872645216
2.841,219.106700210351,175.165467742291
2.844,220.32964707211,175.909632911189
2.847,221.559879783302,176.651169766423
2.85,222.797439806233,177.390025262344
2.853,224.042368663582,178.126145487646
2.856,225.294707931687,178.859475652791
2.859,226.554499233564,179.589960077266
2.862,227.821784231661,180.317542176707
2.865,229.096604620348,181.042164449868
2.868,230.379002118123,181.763768465449
2.871,231.669018459528,182.482294848769
2.874,232.966695386779,183.197683268304
2.877,234.27207464108,183.909872422069
2.88,235.585197953637,184.618800023869
2.883,236.906107036342,185.324402789397
2.886,238.234843572135,186.026616422201
2.889,239.571449205021,186.725375599503
2.892,240.915965529744,187.42061395789
2.895,242.268434081103,188.112264078864
2.898,243.628896322899,188.800257474264
2.901,244.997393636508,189.484524571553
2.904,246.37396730907,190.164994698983
2.907,247.758658521272,190.841596070633
2.91,249.151508334736,191.514255771325
2.913,250.552557678982,192.18289974143
2.916,251.961847337964,192.847452761548
2.919,253.379417936168,193.507838437089
2.922,254.805309924255,194.163979182744
2.925,256.239563564255,194.815796206856
2.928,257.682218914266,195.4632094957
2.931,259.13331581269,196.106137797662
2.934,260.592893861956,196.74449860735
2.937,262.060992411742,197.378208149606
2.94,263.537650541671,198.007181363468
2.943,265.022907043476,198.631331886049
2.946,266.516800402615,199.250572036368
2.949,268.019368779327,199.864812799129
2.952,269.530649989117,200.473963808454
2.955,271.05068148265,201.077933331588
2.958,272.579500325052,201.676628252576
2.961,274.117143174588,202.269954055927
2.964,275.663646260725,202.857814810269
2.967,277.219045361544,203.440113152015
2.97,278.7833757805,204.016750269042
2.973,280.356672322516,204.5876258844
2.976,281.938969269388,205.152638240061
2.979,283.530300354495,205.711684080719
2.982,285.130698736801,206.264658637665
2.985,286.740196974116,206.81145561273
2.988,288.358826995633,207.351967162337
2.991,289.986620073696,207.886083881656
2.994,291.623606794798,208.413694788885
2.997,293.269817029802,208.934687309686
3,294.925279903351,209.44894726177
