"dL []","Freq [GHz]","re(Z(1,1)) []","im(Z(1,1)) []"
0.056825,1.8,27.1774524978981,-162.119668189883
0.056825,1.803,27.302396594728,-161.272055517995
0.056825,1.806,27.4279304631423,-160.425660177216
0.056825,1.809,27.5540567316266,-159.580472505874
0.056825,1.812,27.6807780439197,-158.736482898531
0.056825,1.815,27.8080970590859,-157.893681805539
0.056825,1.818,27.9360164515887,-157.052059732611
0.056825,1.821,28.0645389113639,-156.211607240383
0.056825,1.824,28.1936671438945,-155.372314943994
0.056825,1.827,28.3234038702854,-154.534173512658
0.056825,1.83,28.453751827339,-153.697173669255
0.056825,1.833,28.5847137676314,-152.861306189911
0.056825,1.836,28.716292459589,-152.026561903597
0.056825,1.839,28.8484906875664,-151.192931691724
0.056825,1.842,28.9813112519238,-150.360406487742
0.056825,1.845,29.114756969106,-149.528977276751
0.056825,1.848,29.2488306717218,-148.698635095107
0.056825,1.851,29.3835352086233,-147.86937103004
0.056825,1.854,29.5188734449876,-147.041176219272
0.056825,1.857,29.6548482623963,-146.214041850642
0.056825,1.86,29.7914625589189,-145.387959161732
0.056825,1.863,29.9287192491944,-144.562919439499
0.056825,1.866,30.0666212645145,-143.738914019912
0.056825,1.869,30.2051715529075,-142.915934287595
0.056825,1.872,30.3443730792227,-142.093971675465
0.056825,1.875,30.4842288252151,-141.273017664389
0.056825,1.878,30.6247417896318,-140.453063782828
0.056825,1.881,30.765914988298,-139.634101606499
0.056825,1.884,30.9077514542037,-138.816122758035
0.056825,1.887,31.0502542375921,-137.999118906648
0.056825,1.89,31.1934264060477,-137.183081767796
0.056825,1.893,31.3372710445853,-136.36800310286
0.056825,1.896,31.4817912557401,-135.553874718815
0.056825,1.899,31.6269901596576,-134.740688467911
0.056825,1.902,31.7728708941856,-133.928436247356
0.056825,1.905,31.9194366149652,-133.117109999008
0.056825,1.908,32.066690495524,-132.306701709057
0.056825,1.911,32.2146357273693,-131.497203407727
0.056825,1.914,32.3632755200817,-130.688607168971
0.056825,1.917,32.5126131014102,-129.880905110171
0.056825,1.92,32.6626517173675,-129.074089391848
0.056825,1.923,32.8133946323265,-128.268152217365
0.056825,1.926,32.9648451291167,-127.463085832642
0.056825,1.929,33.1170065091219,-126.658882525872
0.056825,1.932,33.2698820923794,-125.855534627241
0.056825,1.935,33.4234752176781,-125.053034508645
0.056825,1.938,33.5777892426588,-124.251374583423
0.056825,1.941,33.7328275439152,-123.450547306081
0.056825,1.944,33.8885935170952,-122.650545172027
0.056825,1.947,34.0450905770026,-121.851360717303
0.056825,1.95,34.2023221577009,-121.052986518332
0.056825,1.953,34.3602917126164,-120.25541519165
0.056825,1.956,34.5190027146433,-119.458639393659
0.056825,1.959,34.6784586562489,-118.662651820373
0.056825,1.962,34.8386630495795,-117.867445207168
0.056825,1.965,34.9996194265679,-117.073012328542
0.056825,1.968,35.161331339041,-116.279345997866
0.056825,1.971,35.3238023588281,-115.486439067152
0.056825,1.974,35.4870360778711,-114.694284426811
0.056825,1.977,35.6510361083343,-113.902875005426
0.056825,1.98,35.8158060827156,-113.112203769518
0.056825,1.983,35.9813496539587,-112.322263723321
0.056825,1.986,36.1476704955659,-111.533047908557
0.056825,1.989,36.3147723017118,-110.744549404217
0.056825,1.992,36.4826587873581,-109.956761326342
0.056825,1.995,36.651333688369,-109.169676827808
0.056825,1.998,36.8208007616275,-108.383289098115
0.056825,2.001,36.9910637851529,-107.597591363175
0.056825,2.004,37.1621265582187,-106.812576885108
0.056825,2.007,37.3339929014723,-106.028238962041
0.056825,2.01,37.5066666570546,-105.244570927899
0.056825,2.013,37.6801516887209,-104.461566152218
0.056825,2.016,37.8544518819633,-103.67921803994
0.056825,2.019,38.0295711441331,-102.897520031228
0.056825,2.022,38.205513404565,-102.116465601272
0.056825,2.025,38.3822826147018,-101.336048260104
0.056825,2.028,38.5598827482199,-100.556261552413
0.056825,2.031,38.7383178011565,-99.7770990573659
0.056825,2.034,38.9175917920372,-98.9985543884251
0.056825,2.037,39.0977087620046,-98.2206211931756
0.056825,2.04,39.2786727749485,-97.44329315315
0.056825,2.043,39.4604879176361,-96.6665639836583
0.056825,2.046,39.6431582998446,-95.8904274336197
0.056825,2.049,39.8266880544935,-95.1148772853974
0.056825,2.052,40.0110813377787,-94.3399073546351
0.056825,2.055,40.1963423293077,-93.5655114900975
0.056825,2.058,40.3824752322356,-92.7916835735119
0.056825,2.061,40.5694842734022,-92.0184175194138
0.056825,2.064,40.7573737034702,-91.2457072749936
0.056825,2.067,40.946147797065,-90.4735468199472
0.056825,2.07,41.1358108529147,-89.7019301663283
0.056825,2.073,41.3263671939922,-88.9308513584033
0.056825,2.076,41.5178211676577,-88.1603044725091
0.056825,2.079,41.7101771458028,-87.3902836169132
0.056825,2.082,41.9034395249954,-86.6207829316759
0.056825,2.085,42.0976127266264,-85.851796588516
0.056825,2.088,42.2927011970568,-85.0833187906777
0.056825,2.091,42.4887094077665,-84.315343772801
0.056825,2.094,42.6856418555045,-83.547865800794
0.056825,2.097,42.8835030624396,-82.7808791717082
0.056825,2.1,43.0822975763132,-82.0143782136154
0.056825,2.103,43.2820299705929,-81.2483572854878
0.056825,2.106,43.482704844627,-80.4828107770799
0.056825,2.109,43.6843268238012,-79.7177331088141
0.056825,2.112,43.8869005596961,-78.9531187316667
0.056825,2.115,44.0904307302458,-78.1889621270582
0.056825,2.118,44.2949220398981,-77.4252578067452
0.056825,2.121,44.5003792197762,-76.662000312714
0.056825,2.124,44.7068070278413,-75.8991842170786
0.056825,2.127,44.9142102490572,-75.136804121979
0.056825,2.13,45.1225936955555,-74.3748546594827
0.056825,2.133,45.3319622068032,-73.6133304914894
0.056825,2.136,45.5423206497703,-72.8522263096368
0.056825,2.139,45.7536739191008,-72.0915368352095
0.056825,2.142,45.9660269372833,-71.33125681905
0.056825,2.145,46.1793846548237,-70.5713810414725
0.056825,2.148,46.3937520504204,-69.8119043121789
0.056825,2.151,46.609134131139,-69.0528214701765
0.056825,2.154,46.8255359325906,-68.2941273836993
0.056825,2.157,47.0429625191102,-67.535816950131
0.056825,2.16,47.261418983937,-66.7778850959304
0.056825,2.163,47.4809104493969,-66.0203267765591
0.056825,2.166,47.7014420670858,-65.2631369764119
0.056825,2.169,47.9230190180547,-64.5063107087497
0.056825,2.172,48.145646512997,-63.7498430156342
0.056825,2.175,48.3693297924365,-62.9937289678654
0.056825,2.178,48.594074126918,-62.2379636649217
0.056825,2.181,48.819884817199,-61.4825422349021
0.056825,2.184,49.0467671944433,-60.7274598344704
0.056825,2.187,49.2747266204161,-59.9727116488034
0.056825,2.19,49.5037684876816,-59.2182928915393
0.056825,2.193,49.7338982198012,-58.4641988047301
0.056825,2.196,49.9651212715346,-57.7104246587962
0.056825,2.199,50.1974431290422,-56.9569657524832
0.056825,2.202,50.430869310089,-56.2038174128208
0.056825,2.205,50.6654053642514,-55.4509749950848
0.056825,2.208,50.9010568731248,-54.6984338827617
0.056825,2.211,51.1378294505333,-53.9461894875148
0.056825,2.214,51.3757287427423,-53.194237249154
0.056825,2.217,51.6147604286717,-52.4425726356067
0.056825,2.22,51.854930220112,-51.6911911428929
0.056825,2.223,52.0962438619419,-50.9400882951015
0.056825,2.226,52.3387071323482,-50.1892596443696
0.056825,2.229,52.582325843048,-49.4387007708642
0.056825,2.232,52.8271058395119,-48.6884072827668
0.056825,2.235,53.073053001191,-47.9383748162605
0.056825,2.238,53.320173241744,-47.1885990355191
0.056825,2.241,53.5684725092685,-46.4390756326996
0.056825,2.244,53.8179567865331,-45.6898003279368
0.056825,2.247,54.0686320912117,-44.9407688693412
0.056825,2.25,54.3205044761213,-44.1919770329984
0.056825,2.253,54.5735800294604,-43.4434206229721
0.056825,2.256,54.8278648750511,-42.6950954713099
0.056825,2.259,55.0833651725824,-41.946997438051
0.056825,2.262,55.3400871178566,-41.1991224112376
0.056825,2.265,55.598036943038,-40.451466306928
0.056825,2.268,55.8572209169033,-39.7040250692136
0.056825,2.271,56.1176453450955,-38.9567946702377
0.056825,2.274,56.3793165703794,-38.209771110218
0.056825,2.277,56.6422409729,-37.4629504174712
0.056825,2.28,56.9064249704435,-36.7163286484407
0.056825,2.283,57.1718750187002,-35.9699018877279
0.056825,2.286,57.438597611531,-35.2236662481253
0.056825,2.289,57.7065992812357,-34.4776178706534
0.056825,2.292,57.9758865988246,-33.7317529245998
0.056825,2.295,58.2464661742917,-32.9860676075626
0.056825,2.298,58.5183446568922,-32.2405581454955
0.056825,2.301,58.7915287354212,-31.4952207927565
0.056825,2.304,59.0660251384963,-30.7500518321599
0.056825,2.307,59.3418406348424,-30.0050475750315
0.056825,2.31,59.6189820335796,-29.2602043612663
0.056825,2.313,59.8974561845139,-28.5155185593903
0.056825,2.316,60.1772699784309,-27.770986566625
0.056825,2.319,60.4584303473922,-27.0266048089553
0.056825,2.322,60.7409442650353,-26.2823697412008
0.056825,2.325,61.024818746876,-25.5382778470903
0.056825,2.328,61.3100608506142,-24.7943256393402
0.056825,2.331,61.5966776764427,-24.0505096597357
0.056825,2.334,61.8846763673589,-23.3068264792159
0.056825,2.337,62.1740641094802,-22.5632726979624
0.056825,2.34,62.4648481323624,-21.8198449454915
0.056825,2.343,62.7570357093207,-21.0765398807496
0.056825,2.346,63.0506341577552,-20.3333541922132
0.056825,2.349,63.3456508394788,-19.5902845979919
0.056825,2.352,63.6420931610489,-18.8473278459353
0.056825,2.355,63.9399685741021,-18.1044807137439
0.056825,2.358,64.239284575693,-17.3617400090837
0.056825,2.361,64.5400487086359,-16.6191025697056
0.056825,2.364,64.8422685618502,-15.8765652635668
0.056825,2.367,65.1459517707096,-15.134124988959
0.056825,2.37,65.4511060173948,-14.391778674638
0.056825,2.373,65.7577390312494,-13.64952327996
0.056825,2.376,66.0658585891401,-12.90735579502
0.056825,2.379,66.3754725158208,-12.1652732407959
0.056825,2.382,66.6865886842993,-11.4232726692965
0.056825,2.385,66.9992150162095,-10.6813511637141
0.056825,2.388,67.3133594821858,-9.93950583858124
0.056825,2.391,67.6290301022427,-9.19773383993262
0.056825,2.394,67.946234946158,-8.45603234547119
0.056825,2.397,68.2649821338591,-7.71439856473954
0.056825,2.4,68.5852798358148,-6.97282973929538
0.056825,2.403,68.9071362734302,-6.23132314289242
0.056825,2.406,69.2305597194461,-5.48987608166642
0.056825,2.409,69.5555584983422,-4.74848589432553
0.056825,2.412,69.882140986745,-4.00714995234674
0.056825,2.415,70.2103156138398,-3.26586566017667
0.056825,2.418,70.5400908617865,-2.52463045543881
0.056825,2.421,70.8714752661409,-1.78344180914472
0.056825,2.424,71.204477416279,-1.0422972259118
0.056825,2.427,71.5391059558268,-0.301194244186588
0.056825,2.43,71.875369583094,0.439869563526621
0.056825,2.433,72.2132770515124,1.18089659043094
0.056825,2.436,72.5528371700792,1.92188919519674
0.056825,2.439,72.8940588038041,2.66284970171486
0.056825,2.442,73.2369508741618,3.40378039884345
0.056825,2.445,73.581522359549,4.14468354015002
0.056825,2.448,73.9277822957461,4.88556134364551
0.056825,2.451,74.2757397763834,5.62641599151265
0.056825,2.454,74.6254039534127,6.36724962982775
0.056825,2.457,74.9767840375834,7.10806436827562
0.056825,2.46,75.3298892989236,7.84886227985769
0.056825,2.463,75.6847290672261,8.58964540059334
0.056825,2.466,76.0413127325393,9.33041572921367
0.056825,2.469,76.3996497456638,10.0711752268489
0.056825,2.472,76.759749618653,10.8119258167077
0.056825,2.475,77.12162192532,11.552669383749
0.056825,2.478,77.4852763017484,12.293407774347
0.056825,2.481,77.8507224468094,13.034142795947
0.056825,2.484,78.2179701226839,13.7748762167153
0.056825,2.487,78.587029155389,14.5156097651788
0.056825,2.49,78.9579094353114,15.256345129858
0.056825,2.493,79.3306209177444,15.997083958891
0.056825,2.496,79.705173623432,16.7378278596491
0.056825,2.499,80.081577639117,17.4785783983437
0.056825,2.502,80.4598431180954,18.2193370996239
0.056825,2.505,80.8399802807759,18.9601054461661
0.056825,2.508,81.2219994152454,19.700884878253
0.056825,2.511,81.6059108778393,20.4416767933445
0.056825,2.514,81.9917250937184,21.1824825456383
0.056825,2.517,82.3794525574499,21.9233034456207
0.056825,2.52,82.7691038335961,22.6641407596078
0.056825,2.523,83.160689557307,23.404995709277
0.056825,2.526,83.5542204349194,24.1458694711865
0.056825,2.529,83.9497072445614,24.8867631762862
0.056825,2.532,84.3471608367632,25.6276779094169
0.056825,2.535,84.7465921350728,26.3686147087983
0.056825,2.538,85.1480121366786,27.1095745655068
0.056825,2.541,85.5514319130362,27.8505584229405
0.056825,2.544,85.9568626105027,28.5915671762745
0.056825,2.547,86.3643154509759,29.3326016719024
0.056825,2.55,86.7738017325393,30.0736627068673
0.056825,2.553,87.1853328301131,30.8147510282794
0.056825,2.556,87.5989201961115,31.5558673327219
0.056825,2.559,88.0145753611049,32.2970122656435
0.056825,2.562,88.4323099344887,33.0381864207384
0.056825,2.565,88.8521356051577,33.7793903393125
0.056825,2.568,89.2740641421862,34.5206245096365
0.056825,2.571,89.6981073955142,35.2618893662853
0.056825,2.574,90.1242772966391,36.0031852894626
0.056825,2.577,90.5525858593137,36.7445126043121
0.056825,2.58,90.9830451802493,37.4858715802132
0.056825,2.583,91.4156674398251,38.2272624300629
0.056825,2.586,91.8504649028031,38.9686853095412
0.056825,2.589,92.2874499190489,39.7101403163622
0.056825,2.592,92.7266349242579,40.4516274895085
0.056825,2.595,93.1680324406874,41.1931468084504
0.056825,2.598,93.6116550778941,41.9346981923483
0.056825,2.601,94.0575155334774,42.6762814992379
0.056825,2.604,94.505626593828,43.4178965251993
0.056825,2.607,94.9560011348817,44.1595430035082
0.056825,2.61,95.4086521228796,44.9012206037696
0.056825,2.613,95.8635926151326,45.6429289310338
0.056825,2.616,96.3208357607909,46.3846675248926
0.056825,2.619,96.7803948016205,47.1264358585595
0.056825,2.622,97.2422830727827,47.8682333379283
0.056825,2.625,97.7065140036201,48.6100593006136
0.056825,2.628,98.1731011184467,49.3519130149711
0.056825,2.631,98.6420580373429,50.0937936790981
0.056825,2.634,99.1133984769562,50.8357004198132
0.056825,2.637,99.587136251305,51.5776322916152
0.056825,2.64,100.063285272588,52.319588275621
0.056825,2.643,100.541859551999,53.0615672784808
0.056825,2.646,101.022873200541,53.8035681312731
0.056825,2.649,101.506340429853,54.5455895883756
0.056825,2.652,101.992275553033,55.2876303263135
0.056825,2.655,102.480692985466,56.0296889425852
0.056825,2.658,102.971607245661,56.771763954464
0.056825,2.661,103.465032956088,57.5138537977752
0.056825,2.664,103.960984844013,58.2559568256488
0.056825,2.667,104.459477742348,58.9980713072477
0.056825,2.67,104.960526590491,59.7401954264701
0.056825,2.673,105.464146435182,60.4823272806259
0.056825,2.676,105.970352431347,61.2244648790866
0.056825,2.679,106.479159842956,61.9666061419089
0.056825,2.682,106.99058404388,62.7087488984306
0.056825,2.685,107.504640518745,63.4508908858388
0.056825,2.688,108.021344863795,64.19302974771
0.056825,2.691,108.540712787748,64.9351630325209
0.056825,2.694,109.062760112663,65.6772881921314
0.056825,2.697,109.587502774798,66.4194025802358
0.056825,2.7,110.114956825473,67.1615034507858
0.056825,2.703,110.645138431938,67.9035879563816
0.056825,2.706,111.178063878228,68.6456531466318
0.056825,2.709,111.713749566029,69.3876959664823
0.056825,2.712,112.252212015541,70.1297132545119
0.056825,2.715,112.793467866333,70.8717017411964
0.056825,2.718,113.337533878207,71.6136580471375
0.056825,2.721,113.884426932047,72.3555786812605
0.056825,2.724,114.434164030682,73.0974600389746
0.056825,2.727,114.986762299726,73.8392984003009
0.056825,2.73,115.542238988437,74.5810899279627
0.056825,2.733,116.10061147055,75.3228306654417
0.056825,2.736,116.661897245125,76.0645165349961
0.056825,2.739,117.226113937376,76.8061433356428
0.056825,2.742,117.793279299504,77.5477067411001
0.056825,2.745,118.363411211519,78.2892022976947
0.056825,2.748,118.93652768206,79.0306254222272
0.056825,2.751,119.512646849199,79.7719713998
0.056825,2.754,120.091786981255,80.5132353816042
0.056825,2.757,120.673966477579,81.2544123826669
0.056825,2.76,121.259203869344,81.9954972795559
0.056825,2.763,121.847517820327,82.7364848080443
0.056825,2.766,122.438927127668,83.4773695607314
0.056825,2.769,123.033450722632,84.2181459846215
0.056825,2.772,123.631107671355,84.9588083786596
0.056825,2.775,124.231917175572,85.6993508912212
0.056825,2.778,124.835898573345,86.4397675175603
0.056825,2.781,125.443071339763,87.1800520972094
0.056825,2.784,126.05345508764,87.9201983113356
0.056825,2.787,126.66706956819,88.660199680049
0.056825,2.79,127.283934671688,89.4000495596656
0.056825,2.793,127.90407042812,90.1397411399212
0.056825,2.796,128.527497007802,90.8792674411378
0.056825,2.799,129.154234721996,91.6186213113421
0.056825,2.802,129.784304023495,92.3577954233332
0.056825,2.805,130.417725507193,93.0967822717014
0.056825,2.808,131.054519910632,93.8355741697972
0.056825,2.811,131.694708114527,94.5741632466477
0.056825,2.814,132.338311143268,95.3125414438237
0.056825,2.817,132.985350165392,96.0507005122523
0.056825,2.82,133.635846494043,96.7886320089799
0.056825,2.823,134.289821587386,97.5263272938791
0.056825,2.826,134.947297049011,98.2637775263044
0.056825,2.829,135.608294628297,99.0009736616928
0.056825,2.832,136.27283622075,99.7379064481096
0.056825,2.835,136.940943868306,100.47456642274
0.056825,2.838,137.612639759607,101.210943908323
0.056825,2.841,138.287946230238,101.947029009534
0.056825,2.844,138.966885762931,102.682811609304
0.056825,2.847,139.649480987728,103.418281365091
0.056825,2.85,140.335754682113,104.153427705082
0.056825,2.853,141.025729771101,104.88823982435
0.056825,2.856,141.719429327281,105.622706680944
0.056825,2.859,142.416876570825,106.356816991926
0.056825,2.862,143.118094869449,107.090559229344
0.056825,2.865,143.823107738325,107.823921616149
0.056825,2.868,144.531938839952,108.556892122054
0.056825,2.871,145.244611983976,109.289458459331
0.056825,2.874,145.961151126957,110.021608078545
0.056825,2.877,146.681580372085,110.753328164236
0.056825,2.88,147.405923968847,111.484605630532
0.056825,2.883,148.134206312629,112.215427116705
0.056825,2.886,148.86645194427,112.945778982668
0.056825,2.889,149.602685549553,113.675647304407
0.056825,2.892,150.342931958629,114.405017869355
0.056825,2.895,151.087216145391,115.133876171701
0.056825,2.898,151.835563226769,115.862207407645
0.056825,2.901,152.587998461971,116.589996470584
0.056825,2.904,153.344547251645,117.317227946238
0.056825,2.907,154.105235136973,118.043886107721
0.056825,2.91,154.870087798697,118.769954910545
0.056825,2.913,155.639131056065,119.495417987562
0.056825,2.916,156.412390865697,120.220258643852
0.056825,2.919,157.18989332038,120.944459851544
0.056825,2.922,157.971664647776,121.668004244578
0.056825,2.925,158.757731209044,122.390874113411
0.056825,2.928,159.548119497382,123.113051399657
0.056825,2.931,160.342856136478,123.834517690674
0.056825,2.934,161.141967878867,124.555254214087
0.056825,2.937,161.9454816042,125.275241832256
0.056825,2.94,162.753424317414,125.994461036687
0.056825,2.943,163.565823146806,126.712891942379
0.056825,2.946,164.382705342006,127.430514282124
0.056825,2.949,165.204098271848,128.147307400748
0.056825,2.952,166.030029422132,128.86325024929
0.056825,2.955,166.860526393284,129.578321379138
0.056825,2.958,167.6956168979,130.292498936105
0.056825,2.961,168.53532875818,131.005760654453
0.056825,2.964,169.379689903247,131.718083850868
0.056825,2.967,170.228728366341,132.429445418383
0.056825,2.97,171.082472281904,133.139821820254
0.056825,2.973,171.940949882529,133.849189083789
0.056825,2.976,172.804189495791,134.557522794123
0.056825,2.979,173.672219540942,135.264798087959
0.056825,2.982,174.545068525482,135.97098964726
0.056825,2.985,175.422765041588,136.676071692896
0.056825,2.988,176.305337762407,137.380017978257
0.056825,2.991,177.192815438215,138.082801782824
0.056825,2.994,178.085226892423,138.784395905701
0.056825,2.997,178.982601017446,139.48477265912
0.056825,3,179.884966770413,140.1839038619
